Compound;Filename;Area;RT;Dilution;pH;mode;type;Compound_name;Sodium adducts;m/z;MW
Histamine;2021062101-pH27-SB-L5-FS;8984806.5780919;1.4870583;1000;2.7;positive;MQ;Histamine;TRUE;111.07965;111.07965
Guanlylurea;2021062101-pH27-SB-L3-FS;2075358.42834444;1.5301811;500;2.7;positive;MQ;Guanylurea;FALSE;102.05417;102.05417
Guanlylurea;2021062101-pH27-SB-L5-FS;27058289.7044824;1.5264101;1000;2.7;positive;MQ;Guanylurea;FALSE;102.05417;102.05417
Metformin;2021062101-pH27-SB-L3-FS;6459777.93710123;1.5301811;500;2.7;positive;MQ;Metformin;FALSE;129.10145;129.10145
Metformin;2021062101-pH27-SB-L5-FS;75527768.4749895;1.5264101;1000;2.7;positive;MQ;Metformin;FALSE;129.10145;129.10145
Amitrole;2021062101-pH27-SB-L3-FS;2376316.30030473;1.5498374;500;2.7;positive;MQ;Amitrole;FALSE;84.0436;84.0436
Amitrole;2021062101-pH27-SB-L5-FS;37300073.6807977;1.5459704;1000;2.7;positive;MQ;Amitrole;FALSE;84.0436;84.0436
Atrazine-desethyl-desisopro২_1;2021062101-pH27-SB-L3-FS;209697.324786458;1.5301811;500;2.7;positive;MQ;Atrazine-desethyl-desisopropyl-2-hydroxy;TRUE;127.04942;127.04942
Atrazine-desethyl-desisopro২_1;2021062101-pH27-SB-L5-FS;5416853.27569005;1.5264101;1000;2.7;positive;MQ;Atrazine-desethyl-desisopropyl-2-hydroxy;TRUE;127.04942;127.04942
Butylamine;2021062101-pH27-SB-L5-FS;3066398.9308738;1.6246656;1000;2.7;positive;MQ;Butylamine;FALSE;73.08915;73.08915
Atrazine-desisopropyl-2-hydroxy;2021062101-pH27-SB-L3-FS;552854.574180199;1.6487073;500;2.7;positive;MQ;Atrazine-desisopropyl-2-hydroxy;FALSE;155.08072;155.08072
Atrazine-desisopropyl-2-hydroxy;2021062101-pH27-SB-L5-FS;11316332.0587972;1.6444071;1000;2.7;positive;MQ;Atrazine-desisopropyl-2-hydroxy;FALSE;155.08072;155.08072
Atrazine-desethyl-2-hydroxy;2021062101-pH27-SB-L3-FS;351673.174189842;1.8069501;500;2.7;positive;MQ;Atrazine-desethyl-2-hydroxy;FALSE;169.09637;169.09637
Atrazine-desethyl-2-hydroxy;2021062101-pH27-SB-L5-FS;9440362.3540759;1.8026934;1000;2.7;positive;MQ;Atrazine-desethyl-2-hydroxy;FALSE;169.09637;169.09637
Adenosine;2021062101-pH27-SB-L3-FS;125247.026245836;1.9443613;500;2.7;positive;MQ;Adenosine;FALSE;267.09678;267.09678
Adenosine;2021062101-pH27-SB-L5-FS;1714163.65945928;1.9583464;1000;2.7;positive;MQ;Adenosine;FALSE;267.09678;267.09678
Metamidophos;2021062101-pH27-SB-L3-FS;12060951.8146339;2.5150363;500;2.7;positive;MQ;Methamidophos;TRUE;141.00134;141.00134
Metamidophos;2021062101-pH27-SB-L5-FS;185331962.592715;2.5240256;1000;2.7;positive;MQ;Methamidophos;TRUE;141.00134;141.00134
Atrazine-desethyl-desisopropyl;2021062101-pH27-SB-L5-FS;951897.230100241;2.7204179;1000;2.7;positive;MQ;Atrazine-desethyl-desisopropyl;FALSE;145.01552;145.01552
2-Aminobenzothiazole;2021062101-pH27-SB-L3-FS;2064622.24061015;3.1679918;500;2.7;positive;MQ;2-Aminobenzothiazole;FALSE;150.02517;150.02517
2-Aminobenzothiazole;2021062101-pH27-SB-L5-FS;39056403.3538452;3.1335961;1000;2.7;positive;MQ;2-Aminobenzothiazole;FALSE;150.02517;150.02517
Vancomycin_M2+;2021062101-pH27-SB-L5-FS;109934.655833598;3.074259;1000;2.7;positive;MQ;Vancomycin;FALSE;1447.43033;1447.43033
Omethoate;2021062101-pH27-SB-L3-FS;1155431.5973599;3.2871348;500;2.7;positive;MQ;Omethoate;TRUE;213.02248;213.02248
Omethoate;2021062101-pH27-SB-L5-FS;34538479.7594909;3.2715576;1000;2.7;positive;MQ;Omethoate;TRUE;213.02248;213.02248
Atrazine-2-hydroxy;2021062101-pH27-SB-L3-FS;441508.217886795;3.4464397;500;2.7;positive;MQ;Atrazine-2-hydroxy;FALSE;197.12767;197.12767
Atrazine-2-hydroxy;2021062101-pH27-SB-L5-FS;8380123.76916808;3.4296147;1000;2.7;positive;MQ;Atrazine-2-hydroxy;FALSE;197.12767;197.12767
Chlorothiazide;2021062101-pH27-SB-L5-FS;248625.838529786;3.8050182;1000;2.7;positive;MQ;Chlorothiazide;FALSE;294.94884;294.94884
Benzotriazole-5-carboxylic_acid;2021062101-pH27-SB-L3-FS;77918.7620843275;4.2035446;500;2.7;positive;MQ;Benzotriazole-5-carboxylic acid;FALSE;163.03819;163.03819
Benzotriazole-5-carboxylic_acid;2021062101-pH27-SB-L5-FS;4421939.10290526;4.2199651;1000;2.7;positive;MQ;Benzotriazole-5-carboxylic acid;FALSE;163.03819;163.03819
Caffeine;2021062101-pH27-SB-L3-FS;837344.671805027;4.4224742;500;2.7;positive;MQ;Caffeine;FALSE;194.08039;194.08039
Caffeine;2021062101-pH27-SB-L5-FS;25453894.4327055;4.4177324;1000;2.7;positive;MQ;Caffeine;FALSE;194.08039;194.08039
Caffeine-13C3;2021062101-pH27-SB-L3-FS;3682511.71773394;4.4224742;500;2.7;positive;MQ;Caffeine-13C3;FALSE;196.0984;196.0984
Caffeine-13C3;2021062101-pH27-SB-L5-FS;8035300.88097957;4.4177324;1000;2.7;positive;MQ;Caffeine-13C3;FALSE;196.0984;196.0984
Atrazine-desisopropyl_1;2021062101-pH27-SB-L3-FS;185257.258644778;4.800486;500;2.7;positive;MQ;Atrazine-desisopropyl;FALSE;173.04682;173.04682
Atrazine-desisopropyl_1;2021062101-pH27-SB-L5-FS;4436446.14206729;4.7738881;1000;2.7;positive;MQ;Atrazine-desisopropyl;FALSE;173.04682;173.04682
Benzotriazole;2021062101-pH27-SB-L3-FS;11951706.6142664;4.840296;500;2.7;positive;MQ;Benzotriazole;FALSE;119.04835;119.04835
Benzotriazole;2021062101-pH27-SB-L5-FS;156905419.699537;4.8331168;1000;2.7;positive;MQ;Benzotriazole;FALSE;119.04835;119.04835
Trichlorfon;2021062101-pH27-SB-L5-FS;188375.773836732;5.367742;1000;2.7;positive;MQ;Trichlorfon;FALSE;255.9226;255.9226
Atrazine-desethyl;2021062101-pH27-SB-L3-FS;340960.042558733;6.0547954;500;2.7;positive;MQ;Atrazine-desethyl;FALSE;187.06247;187.06247
Atrazine-desethyl;2021062101-pH27-SB-L5-FS;7734235.46656569;6.0434141;1000;2.7;positive;MQ;Atrazine-desethyl;FALSE;187.06247;187.06247
5-Methyl-1H-benzotriazole;2021062101-pH27-SB-L3-FS;1401445.00968901;6.2347045;500;2.7;positive;MQ;5-Methyl-1H-benzotriazole;FALSE;133.06399;133.06399
5-Methyl-1H-benzotriazole;2021062101-pH27-SB-L5-FS;17947295.9754756;6.2226628;1000;2.7;positive;MQ;5-Methyl-1H-benzotriazole;FALSE;133.06399;133.06399
Haloperidol;2021062101-pH27-SB-L3-FS;577596.226436723;6.5742874;500;2.7;positive;MQ;Haloperidol;FALSE;375.14014;375.14014
Haloperidol;2021062101-pH27-SB-L5-FS;9875767.27075146;6.5212605;1000;2.7;positive;MQ;Haloperidol;FALSE;375.14014;375.14014
10,11-Dihydro-10-hydroxycar২_2;2021062101-pH27-SB-L3-FS;224837.60885347;6.6938407;500;2.7;positive;MQ;10.11-Dihydro-10-hydroxycarbamazepine;TRUE;NA;254.10554
10,11-Dihydro-10-hydroxycar২_2;2021062101-pH27-SB-L5-FS;3768694.35902181;6.6801385;1000;2.7;positive;MQ;10.11-Dihydro-10-hydroxycarbamazepine;TRUE;NA;254.10554
5-Chlorobenzotriazole;2021062101-pH27-SB-L3-FS;125084.152376466;6.9527346;500;2.7;positive;MQ;5-Chlorobenzotriazole;FALSE;153.00937;153.00937
5-Chlorobenzotriazole;2021062101-pH27-SB-L5-FS;4818556.30298568;6.9574427;1000;2.7;positive;MQ;5-Chlorobenzotriazole;FALSE;153.00937;153.00937
Butocarboxim_H+;2021062101-pH27-SB-L5-FS;551354.109747817;7.03714;1000;2.7;positive;MQ;Butocarboxim;TRUE;190.07761;190.07761
Imazalil-d5;2021062101-pH27-SB-L3-FS;113584357.774492;6.8531291;500;2.7;positive;MQ;Imazalil-d5;FALSE;301.07188;301.07188
Imazalil-d5;2021062101-pH27-SB-L5-FS;127629428.272922;6.8388811;1000;2.7;positive;MQ;Imazalil-d5;FALSE;301.07188;301.07188
Imazalil;2021062101-pH27-SB-L3-FS;18534628.2603536;6.8925392;500;2.7;positive;MQ;Imazalil;FALSE;296.04833;296.04833
Imazalil;2021062101-pH27-SB-L5-FS;201362656.568275;6.8584622;1000;2.7;positive;MQ;Imazalil;FALSE;296.04833;296.04833
Tylosin;2021062101-pH27-SB-L3-FS;626635.781482297;7.2536074;500;2.7;positive;MQ;Tylosin;FALSE;915.51924;915.51924
Tylosin;2021062101-pH27-SB-L5-FS;9762849.03187461;7.2165096;1000;2.7;positive;MQ;Tylosin;FALSE;915.51924;915.51924
Carbamazepine-10,11-epoxide;2021062101-pH27-SB-L3-FS;512813.804843081;7.4138187;500;2.7;positive;MQ;Carbamazepine-10,11-epoxide;FALSE;NA;252.27
Carbamazepine-10,11-epoxide;2021062101-pH27-SB-L5-FS;7524918.09881016;7.4158102;1000;2.7;positive;MQ;Carbamazepine-10,11-epoxide;FALSE;NA;252.27
Ketoconazole;2021062101-pH27-SB-L3-FS;2512306.52155058;7.3938897;500;2.7;positive;MQ;Ketoconazole;TRUE;530.14879;530.14879
Ketoconazole;2021062101-pH27-SB-L5-FS;31980643.9961263;7.3560648;1000;2.7;positive;MQ;Ketoconazole;TRUE;530.14879;530.14879
Climbazole;2021062101-pH27-SB-L3-FS;530796.540017077;7.5538364;500;2.7;positive;MQ;Climbazole;FALSE;292.09787;292.09787
Climbazole;2021062101-pH27-SB-L5-FS;10257424.4755287;7.5358572;1000;2.7;positive;MQ;Climbazole;FALSE;292.09787;292.09787
Benzothiazole;2021062101-pH27-SB-L5-FS;10590007.112253;7.7953511;1000;2.7;positive;MQ;Benzothiazole;FALSE;135.01427;135.01427
Clarithromycin_H+;2021062101-pH27-SB-L3-FS;2685715.46550382;7.6945812;500;2.7;positive;MQ;Clarithromycin;TRUE;747.47696;747.47696
Clarithromycin_H+;2021062101-pH27-SB-L5-FS;36438793.4950314;7.6755833;1000;2.7;positive;MQ;Clarithromycin;TRUE;747.47696;747.47696
Simazine;2021062101-pH27-SB-L3-FS;490723.740707864;8.01601209999999;500;2.7;positive;MQ;Simazine;FALSE;201.07812;201.07812
Simazine;2021062101-pH27-SB-L5-FS;10287330.3292078;7.995385;1000;2.7;positive;MQ;Simazine;FALSE;201.07812;201.07812
Clotrimazole;2021062101-pH27-SB-L3-FS;2227365.98573885;8.0560431;500;2.7;positive;MQ;Clotrimazole;TRUE;344.10803;344.10803
Clotrimazole;2021062101-pH27-SB-L5-FS;35484209.4458047;8.01540149999999;1000;2.7;positive;MQ;Clotrimazole;TRUE;344.10803;344.10803
Reserpine;2021062101-pH27-SB-L3-FS;70969.1619543882;7.8553217;500;2.7;positive;MQ;Reserpine;FALSE;608.27343;608.27343
Reserpine;2021062101-pH27-SB-L5-FS;1273193.9725471;7.8153968;1000;2.7;positive;MQ;Reserpine;FALSE;608.27343;608.27343
Dichlorvos;2021062101-pH27-SB-L3-FS;48899.8044963238;8.2364959;500;2.7;positive;MQ;Dichlorvos;FALSE;219.94592;219.94592
Dichlorvos;2021062101-pH27-SB-L5-FS;4498975.69142684;8.2155605;1000;2.7;positive;MQ;Dichlorvos;FALSE;219.94592;219.94592
Carbamazepine;2021062101-pH27-SB-L3-FS;26135349.2275378;8.7356047;500;2.7;positive;MQ;Carbamazepine;TRUE;236.09497;236.09497
Carbamazepine;2021062101-pH27-SB-L5-FS;255623722.819177;8.7143276;1000;2.7;positive;MQ;Carbamazepine;TRUE;236.09497;236.09497
2-Methylbenzothaizole;2021062101-pH27-SB-L3-FS;344276.054398115;8.9946049;500;2.7;positive;MQ;2-Methylbenzothaizole;FALSE;181.00198;181.00198
2-Methylbenzothaizole;2021062101-pH27-SB-L5-FS;3109449.85215869;8.9530384;1000;2.7;positive;MQ;2-Methylbenzothaizole;FALSE;181.00198;181.00198
Irgarol;2021062101-pH27-SB-L3-FS;31176460.4422951;9.3327316;500;2.7;positive;MQ;Irgarol;FALSE;253.13612;253.13612
Irgarol;2021062101-pH27-SB-L5-FS;350287644.071396;9.3112336;1000;2.7;positive;MQ;Irgarol;FALSE;253.13612;253.13612
Atrazine-d5;2021062101-pH27-SB-L3-FS;86057209.3104225;9.3921186;500;2.7;positive;MQ;Atrazine-d5;FALSE;202.15904;202.15904
Atrazine-d5;2021062101-pH27-SB-L5-FS;111746449.537241;9.39025799999999;1000;2.7;positive;MQ;Atrazine-d5;FALSE;202.15904;202.15904
Atrazine-desisopropyl_2;2021062101-pH27-SB-L5-FS;917072.626057177;9.4297099;1000;2.7;positive;MQ;Atrazine-desisopropyl;FALSE;173.04682;173.04682
Atrazine;2021062101-pH27-SB-L3-FS;11993350.8848237;9.4515182;500;2.7;positive;MQ;Atrazine;FALSE;215.09377;215.09377
Atrazine;2021062101-pH27-SB-L5-FS;160325800.733885;9.4495284;1000;2.7;positive;MQ;Atrazine;FALSE;215.09377;215.09377
Phenazine;2021062101-pH27-SB-L3-FS;168963.626232918;9.49132829999999;500;2.7;positive;MQ;Phenazine;FALSE;180.06875;180.06875
Phenazine;2021062101-pH27-SB-L5-FS;4417605.88932917;9.4892615;1000;2.7;positive;MQ;Phenazine;FALSE;180.06875;180.06875
Spinosad;2021062101-pH27-SB-L3-FS;572762.663598697;9.6711144;500;2.7;positive;MQ;Spinosad;FALSE;731.46089;731.46089
Spinosad;2021062101-pH27-SB-L5-FS;26455671.8654596;9.6091523;1000;2.7;positive;MQ;Spinosad;FALSE;731.46089;731.46089
Metazachlor;2021062101-pH27-SB-L3-FS;896226.638085778;10.291899;500;2.7;positive;MQ;Metazachlor;TRUE;277.09819;277.09819
Metazachlor;2021062101-pH27-SB-L5-FS;20683594.5996975;10.2900659999999;1000;2.7;positive;MQ;Metazachlor;TRUE;277.09819;277.09819
Emamectin;2021062101-pH27-SB-L3-FS;150518.660226417;10.571583;500;2.7;positive;MQ;Emamectin;FALSE;885.5239;885.5239
Emamectin;2021062101-pH27-SB-L5-FS;15314791.3591762;10.530414;1000;2.7;positive;MQ;Emamectin;FALSE;885.5239;885.5239
2-(Methylthio)benzothiazole;2021062101-pH27-SB-L5-FS;869588.032242017;11.230909;1000;2.7;positive;MQ;2-(Methylthio)benzothiazole;FALSE;181.00198;181.00198
TCMTB;2021062101-pH27-SB-L3-FS;143447.427854077;11.708095;500;2.7;positive;MQ;TCMTB;FALSE;237.96931;237.96931
TCMTB;2021062101-pH27-SB-L5-FS;5350961.03272436;11.691356;1000;2.7;positive;MQ;TCMTB;FALSE;237.96931;237.96931
Metolachlor-OXA;2021062101-pH27-SB-L5-FS;2029221.49629125;12.111394;1000;2.7;positive;MQ;Metolachlor-OXA;FALSE;279.14708;279.14708
Rifaximin;2021062101-pH27-SB-L3-FS;136402.646192988;12.1468019999999;500;2.7;positive;MQ;Rifaximin;FALSE;785.35242;785.35242
Rifaximin;2021062101-pH27-SB-L5-FS;6155652.19560464;12.131492;1000;2.7;positive;MQ;Rifaximin;FALSE;785.35242;785.35242
Metolachlor;2021062101-pH27-SB-L3-FS;7517641.44661257;12.4054;500;2.7;positive;MQ;Metolachlor;TRUE;283.13391;283.13391
Metolachlor;2021062101-pH27-SB-L5-FS;164737631.158853;12.390767;1000;2.7;positive;MQ;Metolachlor;TRUE;283.13391;283.13391
Efavirenz;2021062101-pH27-SB-L5-FS;174834.740642445;12.749866;1000;2.7;positive;MQ;Efavirenz;FALSE;315.02739;315.02739
Progesterone;2021062101-pH27-SB-L5-FS;708616.334807893;13.129428;1000;2.7;positive;MQ;Progesterone;FALSE;314.22459;314.22459
Metolachlor-ESA;2021062101-pH27-SB-L5-FS;1523175.06758201;14.421296;1000;2.7;positive;MQ;Metolachlor-ESA;TRUE;329.12972;329.12972
Simvastatin_H+;2021062101-pH27-SB-L5-FS;3639353.22131994;14.660152;1000;2.7;positive;MQ;Simvastatin;TRUE;418.27195;418.27195
Simvastatin_Na+;2021062101-pH27-SB-L5-FS;12823105.0992341;14.660152;1000;2.7;positive;MQ;Simvastatin;TRUE;418.27195;418.27195
Sudan_I;2021062101-pH27-SB-L5-FS;1538227.5802398;15.236744;1000;2.7;positive;MQ;Sudan I;FALSE;248.09497;248.09497
Chlorpyrifos;2021062101-pH27-SB-L5-FS;286614.234582414;15.495096;1000;2.7;positive;MQ;Chlorpyrifos;FALSE;348.9263;348.9263
Octocrylene;2021062101-pH27-SB-L5-FS;22811.7226529006;17.124455;1000;2.7;positive;MQ;Octocrylene;TRUE;361.20419;361.20419
Atrazine-desethyl-desisoproৄ_1;2021062101-pH27-SB-L5-FS;1128369.38027443;1.5362204;1000;2.7;negative;MQ;Atrazine-desethyl-desisopropyl-2-hydroxy;TRUE;127.04942;127.04942
Atrazine-desisopropyl-2-hydroxy;2021062101-pH27-SB-L5-FS;1113926.68699683;1.6345426;1000;2.7;negative;MQ;Atrazine-desisopropyl-2-hydroxy;FALSE;155.08072;155.08072
Atrazine-desethyl-2-hydroxy;2021062101-pH27-SB-L5-FS;779358.706997578;1.8125559;1000;2.7;negative;MQ;Atrazine-desethyl-2-hydroxy;FALSE;169.09637;169.09637
Atrazine-2-hydroxy;2021062101-pH27-SB-L5-FS;721857.031178492;3.439448;1000;2.7;negative;MQ;Atrazine-2-hydroxy;FALSE;197.12767;197.12767
Chlorothiazide;2021062101-pH27-SB-L3-FS;710579.019951962;3.8152474;500;2.7;negative;MQ;Chlorothiazide;FALSE;294.94884;294.94884
Chlorothiazide;2021062101-pH27-SB-L5-FS;17391024.3251635;3.8148972;1000;2.7;negative;MQ;Chlorothiazide;FALSE;294.94884;294.94884
Benzotriazole-5-carboxylic_acid;2021062101-pH27-SB-L3-FS;1655465.17740789;4.2132278;500;2.7;negative;MQ;Benzotriazole-5-carboxylic acid;FALSE;163.03819;163.03819
Benzotriazole-5-carboxylic_acid;2021062101-pH27-SB-L5-FS;25971720.5272742;4.2100422;1000;2.7;negative;MQ;Benzotriazole-5-carboxylic acid;FALSE;163.03819;163.03819
Sucralose;2021062101-pH27-SB-L5-FS;331489.797708094;4.7243093;1000;2.7;negative;MQ;Sucralose;FALSE;396.0146;396.0146
Benzotriazole;2021062101-pH27-SB-L5-FS;15531407.7926326;4.8429292;1000;2.7;negative;MQ;Benzotriazole;FALSE;119.04835;119.04835
5-Methyl-1H-benzotriazole;2021062101-pH27-SB-L5-FS;342694.132145366;6.2325377;1000;2.7;negative;MQ;5-Methyl-1H-benzotriazole;FALSE;133.06399;133.06399
5-Chlorobenzotriazole;2021062101-pH27-SB-L3-FS;3209814.08449919;6.9624012;500;2.7;negative;MQ;5-Chlorobenzotriazole;FALSE;153.00937;153.00937
5-Chlorobenzotriazole;2021062101-pH27-SB-L5-FS;43994711.6005805;6.9672697;1000;2.7;negative;MQ;5-Chlorobenzotriazole;FALSE;153.00937;153.00937
2-Hydroxybenzothiazole;2021062101-pH27-SB-L5-FS;488362.237265834;7.0668982;1000;2.7;negative;MQ;2-Hydroxybenzothiazole;FALSE;151.00919;151.00919
Metolachlor-OXA;2021062101-pH27-SB-L3-FS;1967262.22405312;12.136519;500;2.7;negative;MQ;Metolachlor-OXA;FALSE;279.14708;279.14708
Metolachlor-OXA;2021062101-pH27-SB-L5-FS;32294279.1617499;12.201135;1000;2.7;negative;MQ;Metolachlor-OXA;FALSE;279.14708;279.14708
Efavirenz;2021062101-pH27-SB-L3-FS;631952.124276331;12.77281;500;2.7;negative;MQ;Efavirenz;FALSE;315.02739;315.02739
Efavirenz;2021062101-pH27-SB-L5-FS;21046361.9872327;12.7596;1000;2.7;negative;MQ;Efavirenz;FALSE;315.02739;315.02739
Metolachlor-ESA;2021062101-pH27-SB-L3-FS;6338010.23430726;14.081007;500;2.7;negative;MQ;Metolachlor-ESA;TRUE;329.12972;329.12972
Metolachlor-ESA;2021062101-pH27-SB-L5-FS;94752519.5491685;14.411171;1000;2.7;negative;MQ;Metolachlor-ESA;TRUE;329.12972;329.12972
Nigericin_H+;2021062101-pH27-SB-L5-FS;1872855.25855686;19.891855;1000;2.7;negative;MQ;Nigericin ;TRUE;724.47622;724.47622
Histamine;2021062101-pH27-SB-L4-FS;14785880.6303308;1.459472;500;2.7;positive;Tap;Histamine;TRUE;111.07965;111.07965
Histamine;2021062101-pH27-SB-L6-FS;150131713.671571;1.4645992;1000;2.7;positive;Tap;Histamine;TRUE;111.07965;111.07965
Guanlylurea;2021062101-pH27-SB-L4-FS;1450032.81645813;1.5361422;500;2.7;positive;Tap;Guanylurea;FALSE;102.05417;102.05417
Guanlylurea;2021062101-pH27-SB-L6-FS;18946674.726899;1.5413715;1000;2.7;positive;Tap;Guanylurea;FALSE;102.05417;102.05417
Metformin;2021062101-pH27-SB-L4-FS;7761655.29792459;1.5361422;500;2.7;positive;Tap;Metformin;FALSE;129.10145;129.10145
Metformin;2021062101-pH27-SB-L6-FS;70170012.5920275;1.5220508;1000;2.7;positive;Tap;Metformin;FALSE;129.10145;129.10145
Amitrole;2021062101-pH27-SB-L4-FS;1593726.20419128;1.5556922;500;2.7;positive;Tap;Amitrole;FALSE;84.0436;84.0436
Amitrole;2021062101-pH27-SB-L6-FS;30301149.2312963;1.5413715;1000;2.7;positive;Tap;Amitrole;FALSE;84.0436;84.0436
Atrazine-desethyl-desisopro২_1;2021062101-pH27-SB-L4-FS;130312.830549915;1.5361422;500;2.7;positive;Tap;Atrazine-desethyl-desisopropyl-2-hydroxy;TRUE;127.04942;127.04942
Atrazine-desethyl-desisopro২_1;2021062101-pH27-SB-L6-FS;3162280.70538717;1.5413715;1000;2.7;positive;Tap;Atrazine-desethyl-desisopropyl-2-hydroxy;TRUE;127.04942;127.04942
Atrazine-desisopropyl-2-hydroxy;2021062101-pH27-SB-L4-FS;545986.087657425;1.6548101;500;2.7;positive;Tap;Atrazine-desisopropyl-2-hydroxy;FALSE;155.08072;155.08072
Atrazine-desisopropyl-2-hydroxy;2021062101-pH27-SB-L6-FS;10947912.7127197;1.6393146;1000;2.7;positive;Tap;Atrazine-desisopropyl-2-hydroxy;FALSE;155.08072;155.08072
Atrazine-desethyl-2-hydroxy;2021062101-pH27-SB-L4-FS;403079.4979438;1.8138068;500;2.7;positive;Tap;Atrazine-desethyl-2-hydroxy;FALSE;169.09637;169.09637
Atrazine-desethyl-2-hydroxy;2021062101-pH27-SB-L6-FS;7495013.97777175;1.7972925;1000;2.7;positive;Tap;Atrazine-desethyl-2-hydroxy;FALSE;169.09637;169.09637
Adenosine;2021062101-pH27-SB-L4-FS;70469.0215079737;1.9713036;500;2.7;positive;Tap;Adenosine;FALSE;267.09678;267.09678
Adenosine;2021062101-pH27-SB-L6-FS;1981253.52250926;1.952833;1000;2.7;positive;Tap;Adenosine;FALSE;267.09678;267.09678
Metamidophos;2021062101-pH27-SB-L4-FS;13220245.1612807;2.5248787;500;2.7;positive;Tap;Methamidophos;TRUE;141.00134;141.00134
Metamidophos;2021062101-pH27-SB-L6-FS;184795068.222507;2.5180309;1000;2.7;positive;Tap;Methamidophos;TRUE;141.00134;141.00134
Atrazine-desethyl-desisopropyl;2021062101-pH27-SB-L4-FS;197085.984158144;2.7229438;500;2.7;positive;Tap;Atrazine-desethyl-desisopropyl;FALSE;145.01552;145.01552
Atrazine-desethyl-desisopropyl;2021062101-pH27-SB-L6-FS;2351744.68632605;2.7334835;1000;2.7;positive;Tap;Atrazine-desethyl-desisopropyl;FALSE;145.01552;145.01552
2-Aminobenzothiazole;2021062101-pH27-SB-L4-FS;2536228.09189392;3.1565344;500;2.7;positive;Tap;2-Aminobenzothiazole;FALSE;150.02517;150.02517
2-Aminobenzothiazole;2021062101-pH27-SB-L6-FS;46642862.4411219;3.1410242;1000;2.7;positive;Tap;2-Aminobenzothiazole;FALSE;150.02517;150.02517
Vancomycin_M2+;2021062101-pH27-SB-L6-FS;85317.5399519995;3.1015974;1000;2.7;positive;Tap;Vancomycin;FALSE;1447.43033;1447.43033
Omethoate;2021062101-pH27-SB-L4-FS;1778902.37501578;3.2963563;500;2.7;positive;Tap;Omethoate;TRUE;213.02248;213.02248
Omethoate;2021062101-pH27-SB-L6-FS;32388135.372738;3.2791294;1000;2.7;positive;Tap;Omethoate;TRUE;213.02248;213.02248
Atrazine-2-hydroxy;2021062101-pH27-SB-L4-FS;498445.895039862;3.4560009;500;2.7;positive;Tap;Atrazine-2-hydroxy;FALSE;197.12767;197.12767
Atrazine-2-hydroxy;2021062101-pH27-SB-L6-FS;8791524.48517397;3.4368637;1000;2.7;positive;Tap;Atrazine-2-hydroxy;FALSE;197.12767;197.12767
Chlorothiazide;2021062101-pH27-SB-L6-FS;287703.197725998;3.8133672;1000;2.7;positive;Tap;Chlorothiazide;FALSE;294.94884;294.94884
Benzotriazole-5-carboxylic_acid;2021062101-pH27-SB-L4-FS;86116.023456054;4.2155578;500;2.7;positive;Tap;Benzotriazole-5-carboxylic acid;FALSE;163.03819;163.03819
Benzotriazole-5-carboxylic_acid;2021062101-pH27-SB-L6-FS;5229989.6244511;4.2090725;1000;2.7;positive;Tap;Benzotriazole-5-carboxylic acid;FALSE;163.03819;163.03819
Caffeine;2021062101-pH27-SB-L4-FS;930346.640596179;4.4354082;500;2.7;positive;Tap;Caffeine;FALSE;194.08039;194.08039
Caffeine;2021062101-pH27-SB-L6-FS;24218011.7767714;4.4268897;1000;2.7;positive;Tap;Caffeine;FALSE;194.08039;194.08039
Caffeine-13C3;2021062101-pH27-SB-L4-FS;3633435.14858613;4.4153792;500;2.7;positive;Tap;Caffeine-13C3;FALSE;196.0984;196.0984
Caffeine-13C3;2021062101-pH27-SB-L6-FS;7477089.95147091;4.4268897;1000;2.7;positive;Tap;Caffeine-13C3;FALSE;196.0984;196.0984
Atrazine-desisopropyl_1;2021062101-pH27-SB-L4-FS;214109.051529811;4.7748578;500;2.7;positive;Tap;Atrazine-desisopropyl;FALSE;173.04682;173.04682
Atrazine-desisopropyl_1;2021062101-pH27-SB-L6-FS;4538636.34556626;4.7833433;1000;2.7;positive;Tap;Atrazine-desisopropyl;FALSE;173.04682;173.04682
Benzotriazole;2021062101-pH27-SB-L4-FS;6550925.18711713;4.8350741;500;2.7;positive;Tap;Benzotriazole;FALSE;119.04835;119.04835
Benzotriazole;2021062101-pH27-SB-L6-FS;129247519.443491;4.8426762;1000;2.7;positive;Tap;Benzotriazole;FALSE;119.04835;119.04835
Trichlorfon;2021062101-pH27-SB-L6-FS;94191.3922112434;5.3574766;1000;2.7;positive;Tap;Trichlorfon;FALSE;255.9226;255.9226
Atrazine-desethyl;2021062101-pH27-SB-L4-FS;353371.135022476;6.0536525;500;2.7;positive;Tap;Atrazine-desethyl;FALSE;187.06247;187.06247
Atrazine-desethyl;2021062101-pH27-SB-L6-FS;8161004.73685329;6.0520652;1000;2.7;positive;Tap;Atrazine-desethyl;FALSE;187.06247;187.06247
5-Methyl-1H-benzotriazole;2021062101-pH27-SB-L4-FS;419011.218222938;6.2338491;500;2.7;positive;Tap;5-Methyl-1H-benzotriazole;FALSE;133.06399;133.06399
5-Methyl-1H-benzotriazole;2021062101-pH27-SB-L6-FS;10736694.5718737;6.2511303;1000;2.7;positive;Tap;5-Methyl-1H-benzotriazole;FALSE;133.06399;133.06399
Haloperidol;2021062101-pH27-SB-L4-FS;715157.003958088;6.5745466;500;2.7;positive;Tap;Haloperidol;FALSE;375.14014;375.14014
Haloperidol;2021062101-pH27-SB-L6-FS;9862602.85344637;6.5495427;1000;2.7;positive;Tap;Haloperidol;FALSE;375.14014;375.14014
10,11-Dihydro-10-hydroxycar২_2;2021062101-pH27-SB-L4-FS;236860.02446927;6.7144643;500;2.7;positive;Tap;10.11-Dihydro-10-hydroxycarbamazepine;TRUE;NA;254.10554
10,11-Dihydro-10-hydroxycar২_2;2021062101-pH27-SB-L6-FS;4226443.32562761;6.6884083;1000;2.7;positive;Tap;10.11-Dihydro-10-hydroxycarbamazepine;TRUE;NA;254.10554
5-Chlorobenzotriazole;2021062101-pH27-SB-L4-FS;23706.4784050082;6.9728832;500;2.7;positive;Tap;5-Chlorobenzotriazole;FALSE;153.00937;153.00937
5-Chlorobenzotriazole;2021062101-pH27-SB-L6-FS;3002080.55305516;6.9658292;1000;2.7;positive;Tap;5-Chlorobenzotriazole;FALSE;153.00937;153.00937
Butocarboxim_H+;2021062101-pH27-SB-L6-FS;553937.823726573;7.0453411;1000;2.7;positive;Tap;Butocarboxim;TRUE;190.07761;190.07761
Imazalil-d5;2021062101-pH27-SB-L4-FS;110311120.270319;6.8735756;500;2.7;positive;Tap;Imazalil-d5;FALSE;301.07188;301.07188
Imazalil-d5;2021062101-pH27-SB-L6-FS;121214566.150075;6.8470884;1000;2.7;positive;Tap;Imazalil-d5;FALSE;301.07188;301.07188
Imazalil;2021062101-pH27-SB-L4-FS;17157819.5893822;6.8932317;500;2.7;positive;Tap;Imazalil;FALSE;296.04833;296.04833
Imazalil;2021062101-pH27-SB-L6-FS;191484100.559904;6.8666654;1000;2.7;positive;Tap;Imazalil;FALSE;296.04833;296.04833
Tylosin;2021062101-pH27-SB-L4-FS;733118.416275343;7.2541082;500;2.7;positive;Tap;Tylosin;FALSE;915.51924;915.51924
Tylosin;2021062101-pH27-SB-L6-FS;8953102.95245804;7.2650187;1000;2.7;positive;Tap;Tylosin;FALSE;915.51924;915.51924
Carbamazepine-10,11-epoxide;2021062101-pH27-SB-L4-FS;538291.991306818;7.415232;500;2.7;positive;Tap;Carbamazepine-10,11-epoxide;FALSE;NA;252.27
Carbamazepine-10,11-epoxide;2021062101-pH27-SB-L6-FS;8022149.46285716;7.4245675;1000;2.7;positive;Tap;Carbamazepine-10,11-epoxide;FALSE;NA;252.27
Ketoconazole;2021062101-pH27-SB-L4-FS;2168136.63096923;7.415232;500;2.7;positive;Tap;Ketoconazole;TRUE;530.14879;530.14879
Ketoconazole;2021062101-pH27-SB-L6-FS;27577084.3472022;7.3847969;1000;2.7;positive;Tap;Ketoconazole;TRUE;530.14879;530.14879
Climbazole;2021062101-pH27-SB-L4-FS;612087.333969854;7.5760537;500;2.7;positive;Tap;Climbazole;FALSE;292.09787;292.09787
Climbazole;2021062101-pH27-SB-L6-FS;9572382.29223362;7.5443458;1000;2.7;positive;Tap;Climbazole;FALSE;292.09787;292.09787
Benzothiazole;2021062101-pH27-SB-L6-FS;6131643.25266589;7.784844;1000;2.7;positive;Tap;Benzothiazole;FALSE;135.01427;135.01427
Clarithromycin_H+;2021062101-pH27-SB-L4-FS;3175178.58719629;7.6966132;500;2.7;positive;Tap;Clarithromycin;TRUE;747.47696;747.47696
Clarithromycin_H+;2021062101-pH27-SB-L6-FS;35228364.5025239;7.6846572;1000;2.7;positive;Tap;Clarithromycin;TRUE;747.47696;747.47696
Simazine;2021062101-pH27-SB-L4-FS;476550.974941316;8.0386753;500;2.7;positive;Tap;Simazine;FALSE;201.07812;201.07812
Simazine;2021062101-pH27-SB-L6-FS;10290485.1026957;8.0250922;1000;2.7;positive;Tap;Simazine;FALSE;201.07812;201.07812
Clotrimazole;2021062101-pH27-SB-L4-FS;1338765.46622065;8.0587313;500;2.7;positive;Tap;Clotrimazole;TRUE;344.10803;344.10803
Clotrimazole;2021062101-pH27-SB-L6-FS;22974643.0318455;8.0450379;1000;2.7;positive;Tap;Clotrimazole;TRUE;344.10803;344.10803
Reserpine;2021062101-pH27-SB-L4-FS;77138.6529114333;7.8575141;500;2.7;positive;Tap;Reserpine;FALSE;608.27343;608.27343
Reserpine;2021062101-pH27-SB-L6-FS;1210205.81745735;7.8448393;1000;2.7;positive;Tap;Reserpine;FALSE;608.27343;608.27343
Dichlorvos;2021062101-pH27-SB-L4-FS;25624.3786138036;8.1995304;500;2.7;positive;Tap;Dichlorvos;FALSE;219.94592;219.94592
Dichlorvos;2021062101-pH27-SB-L6-FS;3757301.51388959;8.2252136;1000;2.7;positive;Tap;Dichlorvos;FALSE;219.94592;219.94592
Carbamazepine;2021062101-pH27-SB-L4-FS;24799147.3545099;8.74020969999999;500;2.7;positive;Tap;Carbamazepine;TRUE;236.09497;236.09497
Carbamazepine;2021062101-pH27-SB-L6-FS;245290654.464346;8.7243641;1000;2.7;positive;Tap;Carbamazepine;TRUE;236.09497;236.09497
2-Methylbenzothaizole;2021062101-pH27-SB-L4-FS;398053.72252436;8.9996661;500;2.7;positive;Tap;2-Methylbenzothaizole;FALSE;181.00198;181.00198
2-Methylbenzothaizole;2021062101-pH27-SB-L6-FS;3619609.56711291;8.9631978;1000;2.7;positive;Tap;2-Methylbenzothaizole;FALSE;181.00198;181.00198
Irgarol;2021062101-pH27-SB-L4-FS;29636376.7013764;9.3382323;500;2.7;positive;Tap;Irgarol;FALSE;253.13612;253.13612
Irgarol;2021062101-pH27-SB-L6-FS;331852013.181152;9.3210534;1000;2.7;positive;Tap;Irgarol;FALSE;253.13612;253.13612
Atrazine-d5;2021062101-pH27-SB-L4-FS;83988137.5293556;9.3976402;500;2.7;positive;Tap;Atrazine-d5;FALSE;202.15904;202.15904
Atrazine-d5;2021062101-pH27-SB-L6-FS;111548331.023239;9.4001549;1000;2.7;positive;Tap;Atrazine-d5;FALSE;202.15904;202.15904
Atrazine-desisopropyl_2;2021062101-pH27-SB-L6-FS;919409.091709433;9.4397692;1000;2.7;positive;Tap;Atrazine-desisopropyl;FALSE;173.04682;173.04682
Atrazine;2021062101-pH27-SB-L4-FS;10821063.4541129;9.4572272;500;2.7;positive;Tap;Atrazine;FALSE;215.09377;215.09377
Atrazine;2021062101-pH27-SB-L6-FS;153307244.997771;9.4596003;1000;2.7;positive;Tap;Atrazine;FALSE;215.09377;215.09377
Phenazine;2021062101-pH27-SB-L4-FS;131793.133107639;9.4971666;500;2.7;positive;Tap;Phenazine;FALSE;180.06875;180.06875
Phenazine;2021062101-pH27-SB-L6-FS;4123745.16493916;9.4794356;1000;2.7;positive;Tap;Phenazine;FALSE;180.06875;180.06875
Spinosad;2021062101-pH27-SB-L4-FS;1789435.78490825;9.6573216;500;2.7;positive;Tap;Spinosad;FALSE;731.46089;731.46089
Spinosad;2021062101-pH27-SB-L6-FS;24694111.574361;9.63957609999999;1000;2.7;positive;Tap;Spinosad;FALSE;731.46089;731.46089
Metazachlor;2021062101-pH27-SB-L4-FS;1022835.62259875;10.297779;500;2.7;positive;Tap;Metazachlor;TRUE;277.09819;277.09819
Metazachlor;2021062101-pH27-SB-L6-FS;21372256.4366443;10.280434;1000;2.7;positive;Tap;Metazachlor;TRUE;277.09819;277.09819
Emamectin;2021062101-pH27-SB-L4-FS;972766.276618946;10.5775089999999;500;2.7;positive;Tap;Emamectin;FALSE;885.5239;885.5239
Emamectin;2021062101-pH27-SB-L6-FS;20123258.2233494;10.5401989999999;1000;2.7;positive;Tap;Emamectin;FALSE;885.5239;885.5239
2-(Methylthio)benzothiazole;2021062101-pH27-SB-L4-FS;35355.6556282327;11.237212;500;2.7;positive;Tap;2-(Methylthio)benzothiazole;FALSE;181.00198;181.00198
2-(Methylthio)benzothiazole;2021062101-pH27-SB-L6-FS;858948.178079273;11.220254;1000;2.7;positive;Tap;2-(Methylthio)benzothiazole;FALSE;181.00198;181.00198
TCMTB;2021062101-pH27-SB-L4-FS;169552.91607744;11.7158;500;2.7;positive;Tap;TCMTB;FALSE;237.96931;237.96931
TCMTB;2021062101-pH27-SB-L6-FS;5075660.87277848;11.70029;1000;2.7;positive;Tap;TCMTB;FALSE;237.96931;237.96931
Metolachlor-OXA;2021062101-pH27-SB-L6-FS;2342928.81169778;12.0603289999999;1000;2.7;positive;Tap;Metolachlor-OXA;FALSE;279.14708;279.14708
Rifaximin;2021062101-pH27-SB-L6-FS;365234.946203188;12.140345;1000;2.7;positive;Tap;Rifaximin;FALSE;785.35242;785.35242
Metolachlor;2021062101-pH27-SB-L4-FS;7405854.01102911;12.413682;500;2.7;positive;Tap;Metolachlor;TRUE;283.13391;283.13391
Metolachlor;2021062101-pH27-SB-L6-FS;169170817.861046;12.399464;1000;2.7;positive;Tap;Metolachlor;TRUE;283.13391;283.13391
Efavirenz;2021062101-pH27-SB-L6-FS;211930.718687343;12.7787609999999;1000;2.7;positive;Tap;Efavirenz;FALSE;315.02739;315.02739
Progesterone;2021062101-pH27-SB-L6-FS;781240.124069103;13.138356;1000;2.7;positive;Tap;Progesterone;FALSE;314.22459;314.22459
Metolachlor-ESA;2021062101-pH27-SB-L6-FS;1644513.54043667;14.21204;1000;2.7;positive;Tap;Metolachlor-ESA;TRUE;329.12972;329.12972
Simvastatin_H+;2021062101-pH27-SB-L4-FS;73869.1679929689;14.670095;500;2.7;positive;Tap;Simvastatin;TRUE;418.27195;418.27195
Simvastatin_H+;2021062101-pH27-SB-L6-FS;2681492.21127988;14.666128;1000;2.7;positive;Tap;Simvastatin;TRUE;418.27195;418.27195
Simvastatin_Na+;2021062101-pH27-SB-L4-FS;334494.199034283;14.670095;500;2.7;positive;Tap;Simvastatin;TRUE;418.27195;418.27195
Simvastatin_Na+;2021062101-pH27-SB-L6-FS;9804021.3423843;14.666128;1000;2.7;positive;Tap;Simvastatin;TRUE;418.27195;418.27195
Sudan_I;2021062101-pH27-SB-L6-FS;865729.655829757;15.262164;1000;2.7;positive;Tap;Sudan I;FALSE;248.09497;248.09497
Chlorpyrifos;2021062101-pH27-SB-L6-FS;223872.671613925;15.52031;1000;2.7;positive;Tap;Chlorpyrifos;FALSE;348.9263;348.9263
Octocrylene;2021062101-pH27-SB-L6-FS;50491.4482976953;17.1286349999999;1000;2.7;positive;Tap;Octocrylene;TRUE;361.20419;361.20419
Atrazine-desethyl-desisopro২_1;2021062101-pH27-SB-L6-FS;363316.229757233;1.5511485;1000;2.7;negative;Tap;Atrazine-desethyl-desisopropyl-2-hydroxy;TRUE;127.04942;127.04942
Atrazine-desisopropyl-2-hydroxy;2021062101-pH27-SB-L6-FS;955442.508434178;1.6491624;1000;2.7;negative;Tap;Atrazine-desisopropyl-2-hydroxy;FALSE;155.08072;155.08072
Atrazine-desethyl-2-hydroxy;2021062101-pH27-SB-L6-FS;751462.635390752;1.8071112;1000;2.7;negative;Tap;Atrazine-desethyl-2-hydroxy;FALSE;169.09637;169.09637
Atrazine-2-hydroxy;2021062101-pH27-SB-L6-FS;727190.801248887;3.4269847;1000;2.7;negative;Tap;Atrazine-2-hydroxy;FALSE;197.12767;197.12767
Chlorothiazide;2021062101-pH27-SB-L4-FS;938235.882813491;3.8057963;500;2.7;negative;Tap;Chlorothiazide;FALSE;294.94884;294.94884
Chlorothiazide;2021062101-pH27-SB-L6-FS;17395527.7029649;3.8232338;1000;2.7;negative;Tap;Chlorothiazide;FALSE;294.94884;294.94884
Benzotriazole-5-carboxylic_acid;2021062101-pH27-SB-L4-FS;1960416.35281408;4.2253244;500;2.7;negative;Tap;Benzotriazole-5-carboxylic acid;FALSE;163.03819;163.03819
Benzotriazole-5-carboxylic_acid;2021062101-pH27-SB-L6-FS;25654985.7438963;4.2189329;1000;2.7;negative;Tap;Benzotriazole-5-carboxylic acid;FALSE;163.03819;163.03819
Sucralose;2021062101-pH27-SB-L6-FS;349765.756494784;4.7336874;1000;2.7;negative;Tap;Sucralose;FALSE;396.0146;396.0146
Benzotriazole;2021062101-pH27-SB-L6-FS;11884348.4486267;4.8328263;1000;2.7;negative;Tap;Benzotriazole;FALSE;119.04835;119.04835
5-Chlorobenzotriazole;2021062101-pH27-SB-L4-FS;988080.90222255;6.9825894;500;2.7;negative;Tap;5-Chlorobenzotriazole;FALSE;153.00937;153.00937
5-Chlorobenzotriazole;2021062101-pH27-SB-L6-FS;24799561.2372537;6.9557605;1000;2.7;negative;Tap;5-Chlorobenzotriazole;FALSE;153.00937;153.00937
Metolachlor-OXA;2021062101-pH27-SB-L4-FS;2169073.13464359;12.084568;500;2.7;negative;Tap;Metolachlor-OXA;FALSE;279.14708;279.14708
Metolachlor-OXA;2021062101-pH27-SB-L6-FS;33275416.0702783;12.030173;1000;2.7;negative;Tap;Metolachlor-OXA;FALSE;279.14708;279.14708
Efavirenz;2021062101-pH27-SB-L4-FS;667630.826971962;12.781134;500;2.7;negative;Tap;Efavirenz;FALSE;315.02739;315.02739
Efavirenz;2021062101-pH27-SB-L6-FS;20666784.6704125;12.768476;1000;2.7;negative;Tap;Efavirenz;FALSE;315.02739;315.02739
Metolachlor-ESA;2021062101-pH27-SB-L4-FS;6425475.95147657;14.0300619999999;500;2.7;negative;Tap;Metolachlor-ESA;TRUE;329.12972;329.12972
Metolachlor-ESA;2021062101-pH27-SB-L6-FS;94961749.9005826;14.163288;1000;2.7;negative;Tap;Metolachlor-ESA;TRUE;329.12972;329.12972
Nigericin_H+;2021062101-pH27-SB-L6-FS;1865422.13177015;19.856763;1000;2.7;negative;Tap;Nigericin ;TRUE;724.47622;724.47622
Benzotriazole-5-carboxylic_acid;2021062101-pH8-SB-L3-FS;49851.08221507;1.6199398;500;8;positive;MQ;Benzotriazole-5-carboxylic acid;FALSE;163.03819;163.03819
Benzotriazole-5-carboxylic_acid;2021062101-pH8-SB-L5-FS;831283.486151168;1.6144584;1000;8;positive;MQ;Benzotriazole-5-carboxylic acid;FALSE;163.03819;163.03819
Atrazine-desethyl-desisoproŜ_1;2021062101-pH8-SB-L3-FS;1114208.90086718;1.7965218;500;8;positive;MQ;Atrazine-desethyl-desisopropyl-2-hydroxy;TRUE;127.04942;127.04942
Atrazine-desethyl-desisoproŜ_1;2021062101-pH8-SB-L5-FS;13071854.058846;1.8105924;1000;8;positive;MQ;Atrazine-desethyl-desisopropyl-2-hydroxy;TRUE;127.04942;127.04942
Amitrole_1;2021062101-pH8-SB-L3-FS;24404602.8771229;1.874892;500;8;positive;MQ;Amitrole;FALSE;84.0436;84.0436
Amitrole_1;2021062101-pH8-SB-L5-FS;196806794.487537;1.8690939;1000;8;positive;MQ;Amitrole;FALSE;84.0436;84.0436
Guanlylurea;2021062101-pH8-SB-L3-FS;7772542.78142371;1.9920599;500;8;positive;MQ;Guanylurea;FALSE;102.05417;102.05417
Guanlylurea;2021062101-pH8-SB-L5-FS;75538134.9236233;1.9850515;1000;8;positive;MQ;Guanylurea;FALSE;102.05417;102.05417
Aspartame;2021062101-pH8-SB-L5-FS;1028039.00997211;4.1969663;1000;8;positive;MQ;Aspartame;FALSE;294.1216;294.1216
Atrazine-desisopropyl-2-hydroxy;2021062101-pH8-SB-L3-FS;2392874.49598953;2.4048006;500;8;positive;MQ;Atrazine-desisopropyl-2-hydroxy;FALSE;155.08072;155.08072
Atrazine-desisopropyl-2-hydroxy;2021062101-pH8-SB-L5-FS;31419581.927711;2.4144941;1000;8;positive;MQ;Atrazine-desisopropyl-2-hydroxy;FALSE;155.08072;155.08072
Metamidophos;2021062101-pH8-SB-L3-FS;25181205.1105899;2.4048006;500;8;positive;MQ;Methamidophos;TRUE;141.00134;141.00134
Metamidophos;2021062101-pH8-SB-L5-FS;246607324.549896;2.4144941;1000;8;positive;MQ;Methamidophos;TRUE;141.00134;141.00134
Metformin;2021062101-pH8-SB-L3-FS;6837027.39596984;2.4638335;500;8;positive;MQ;Metformin;FALSE;129.10145;129.10145
Metformin;2021062101-pH8-SB-L5-FS;76113087.2187424;2.4730999;1000;8;positive;MQ;Metformin;FALSE;129.10145;129.10145
Atrazine-desethyl-desisopropyl;2021062101-pH8-SB-L3-FS;130497.986321194;2.6998338;500;8;positive;MQ;Atrazine-desethyl-desisopropyl;FALSE;145.01552;145.01552
Atrazine-desethyl-desisopropyl;2021062101-pH8-SB-L5-FS;1743581.46356473;2.7076878;1000;8;positive;MQ;Atrazine-desethyl-desisopropyl;FALSE;145.01552;145.01552
Adenosine;2021062101-pH8-SB-L3-FS;499142.601715265;2.8965157;500;8;positive;MQ;Adenosine;FALSE;267.09678;267.09678
Adenosine;2021062101-pH8-SB-L5-FS;5468399.50264946;2.9235174;1000;8;positive;MQ;Adenosine;FALSE;267.09678;267.09678
Atrazine-desethyl-2-hydroxy;2021062101-pH8-SB-L3-FS;1515870.92142868;3.0735748;500;8;positive;MQ;Atrazine-desethyl-2-hydroxy;FALSE;169.09637;169.09637
Atrazine-desethyl-2-hydroxy;2021062101-pH8-SB-L5-FS;19447861.7606391;3.0804392;1000;8;positive;MQ;Atrazine-desethyl-2-hydroxy;FALSE;169.09637;169.09637
Omethoate;2021062101-pH8-SB-L3-FS;845041.110670817;3.0538833;500;8;positive;MQ;Omethoate;TRUE;213.02248;213.02248
Omethoate;2021062101-pH8-SB-L5-FS;23451930.8046005;3.0608289;1000;8;positive;MQ;Omethoate;TRUE;213.02248;213.02248
Caffeine;2021062101-pH8-SB-L3-FS;673050.877930285;4.1720292;500;8;positive;MQ;Caffeine;FALSE;194.08039;194.08039
Caffeine;2021062101-pH8-SB-L5-FS;5815606.26613457;4.1969663;1000;8;positive;MQ;Caffeine;FALSE;194.08039;194.08039
Caffeine-13C3;2021062101-pH8-SB-L3-FS;2070131.09246293;4.1720292;500;8;positive;MQ;Caffeine-13C3;FALSE;196.0984;196.0984
Caffeine-13C3;2021062101-pH8-SB-L5-FS;1742328.93673333;4.1969663;1000;8;positive;MQ;Caffeine-13C3;FALSE;196.0984;196.0984
Benzotriazole;2021062101-pH8-SB-L3-FS;3783552.86169656;4.2699243;500;8;positive;MQ;Benzotriazole;FALSE;119.04835;119.04835
Benzotriazole;2021062101-pH8-SB-L5-FS;40900658.5997283;4.2948344;1000;8;positive;MQ;Benzotriazole;FALSE;119.04835;119.04835
Atrazine-desisopropyl_1;2021062101-pH8-SB-L3-FS;968543.802184095;4.7396104;500;8;positive;MQ;Atrazine-desisopropyl;FALSE;173.04682;173.04682
Atrazine-desisopropyl_1;2021062101-pH8-SB-L5-FS;10608759.4816057;4.7639538;1000;8;positive;MQ;Atrazine-desisopropyl;FALSE;173.04682;173.04682
Atrazine-2-hydroxy;2021062101-pH8-SB-L3-FS;331173.288590669;5.9119975;500;8;positive;MQ;Atrazine-2-hydroxy;FALSE;197.12767;197.12767
Atrazine-2-hydroxy;2021062101-pH8-SB-L5-FS;4573025.23140918;5.9162598;1000;8;positive;MQ;Atrazine-2-hydroxy;FALSE;197.12767;197.12767
5-Methyl-1H-benzotriazole;2021062101-pH8-SB-L3-FS;1731795.13490303;5.892456;500;8;positive;MQ;5-Methyl-1H-benzotriazole;FALSE;133.06399;133.06399
5-Methyl-1H-benzotriazole;2021062101-pH8-SB-L5-FS;10405875.8004731;5.9162598;1000;8;positive;MQ;5-Methyl-1H-benzotriazole;FALSE;133.06399;133.06399
Atrazine-desethyl;2021062101-pH8-SB-L3-FS;631582.611351314;6.0877046;500;8;positive;MQ;Atrazine-desethyl;FALSE;187.06247;187.06247
Atrazine-desethyl;2021062101-pH8-SB-L5-FS;10978911.1519558;6.0917502;1000;8;positive;MQ;Atrazine-desethyl;FALSE;187.06247;187.06247
10,11-Dihydro-10-hydroxycarŜ_2;2021062101-pH8-SB-L3-FS;77174.2998566899;6.5557657;500;8;positive;MQ;10.11-Dihydro-10-hydroxycarbamazepine;TRUE;254.10554;254.10554
10,11-Dihydro-10-hydroxycarŜ_2;2021062101-pH8-SB-L5-FS;1835038.59962991;6.5789862;1000;8;positive;MQ;10.11-Dihydro-10-hydroxycarbamazepine;TRUE;254.10554;254.10554
2-Aminobenzothiazole;2021062101-pH8-SB-L3-FS;6153621.53158744;6.7895785;500;8;positive;MQ;2-Aminobenzothiazole;FALSE;150.02517;150.02517
2-Aminobenzothiazole;2021062101-pH8-SB-L5-FS;74392927.3219767;6.8125886;1000;8;positive;MQ;2-Aminobenzothiazole;FALSE;150.02517;150.02517
Carbamazepine-10,11-epoxide;2021062101-pH8-SB-L3-FS;248415.969823791;7.1206594;500;8;positive;MQ;Carbamazepine-10,11-epoxide;FALSE;NA;252.27
Carbamazepine-10,11-epoxide;2021062101-pH8-SB-L5-FS;3905468.65317457;7.1629527;1000;8;positive;MQ;Carbamazepine-10,11-epoxide;FALSE;NA;252.27
Benzothiazole_1;2021062101-pH8-SB-L5-FS;3898258.77998015;7.7074569;1000;8;positive;MQ;Benzothiazole;FALSE;135.01427;135.01427
Simazine;2021062101-pH8-SB-L3-FS;1595916.05427879;8.0354068;500;8;positive;MQ;Simazine;FALSE;201.07812;201.07812
Simazine;2021062101-pH8-SB-L5-FS;16080480.0743085;8.05742719999999;1000;8;positive;MQ;Simazine;FALSE;201.07812;201.07812
Carbamazepine;2021062101-pH8-SB-L3-FS;16872597.9705911;8.521599;500;8;positive;MQ;Carbamazepine;TRUE;236.09497;236.09497
Carbamazepine;2021062101-pH8-SB-L5-FS;193059564.51893;8.5626881;1000;8;positive;MQ;Carbamazepine;TRUE;236.09497;236.09497
2-Methylbenzothaizole;2021062101-pH8-SB-L5-FS;1935407.77127229;8.9317271;1000;8;positive;MQ;2-Methylbenzothaizole;FALSE;181.00198;181.00198
Atrazine-d5;2021062101-pH8-SB-L3-FS;175327033.013207;9.4350985;500;8;positive;MQ;Atrazine-d5;FALSE;202.15904;202.15904
Atrazine-d5;2021062101-pH8-SB-L5-FS;170332851.180737;9.4560711;1000;8;positive;MQ;Atrazine-d5;FALSE;202.15904;202.15904
Atrazine;2021062101-pH8-SB-L3-FS;22116958.9440335;9.4933543;500;8;positive;MQ;Atrazine;FALSE;215.09377;215.09377
Atrazine;2021062101-pH8-SB-L5-FS;238516917.00815;9.51430399999999;1000;8;positive;MQ;Atrazine;FALSE;215.09377;215.09377
Phenazine;2021062101-pH8-SB-L5-FS;306851.26899731;9.3396115;1000;8;positive;MQ;Phenazine;FALSE;180.06875;180.06875
Atrazine-desisopropyl_2;2021062101-pH8-SB-L5-FS;1214750.58426427;9.5336893;1000;8;positive;MQ;Atrazine-desisopropyl;FALSE;173.04682;173.04682
Metazachlor;2021062101-pH8-SB-L3-FS;615998.8570115;10.172943;500;8;positive;MQ;Metazachlor;TRUE;277.09819;277.09819
Metazachlor;2021062101-pH8-SB-L5-FS;6309757.27253916;10.193151;1000;8;positive;MQ;Metazachlor;TRUE;277.09819;277.09819
Tylosin;2021062101-pH8-SB-L3-FS;233409.330003152;11.4909979999999;500;8;positive;MQ;Tylosin;FALSE;915.51924;915.51924
Tylosin;2021062101-pH8-SB-L5-FS;4461581.70707965;11.510891;1000;8;positive;MQ;Tylosin;FALSE;915.51924;915.51924
Climbazole;2021062101-pH8-SB-L3-FS;1107746.17099335;12.130381;500;8;positive;MQ;Climbazole;FALSE;292.09787;292.09787
Climbazole;2021062101-pH8-SB-L5-FS;13326449.1171778;12.149959;1000;8;positive;MQ;Climbazole;FALSE;292.09787;292.09787
Irgarol;2021062101-pH8-SB-L3-FS;57555696.7534155;12.1691299999999;500;8;positive;MQ;Irgarol;FALSE;253.13612;253.13612
Irgarol;2021062101-pH8-SB-L5-FS;573665992.417205;12.208022;1000;8;positive;MQ;Irgarol;FALSE;253.13612;253.13612
Metolachlor;2021062101-pH8-SB-L3-FS;2591057.20149645;12.3239459999999;500;8;positive;MQ;Metolachlor;TRUE;283.13391;283.13391
Metolachlor;2021062101-pH8-SB-L5-FS;32532703.0558455;12.3628269999999;1000;8;positive;MQ;Metolachlor;TRUE;283.13391;283.13391
Ketoconazole;2021062101-pH8-SB-L3-FS;3603773.13319353;12.382122;500;8;positive;MQ;Ketoconazole;TRUE;530.14879;530.14879
Ketoconazole;2021062101-pH8-SB-L5-FS;43669054.2524754;12.420918;1000;8;positive;MQ;Ketoconazole;TRUE;530.14879;530.14879
Imazalil-d5;2021062101-pH8-SB-L3-FS;253469764.708786;12.614485;500;8;positive;MQ;Imazalil-d5;FALSE;301.07188;301.07188
Imazalil-d5;2021062101-pH8-SB-L5-FS;225066209.505386;12.653029;1000;8;positive;MQ;Imazalil-d5;FALSE;301.07188;301.07188
Imazalil;2021062101-pH8-SB-L3-FS;37401717.594659;12.672518;500;8;positive;MQ;Imazalil;FALSE;296.04833;296.04833
Imazalil;2021062101-pH8-SB-L5-FS;366052157.301676;12.69168;1000;8;positive;MQ;Imazalil;FALSE;296.04833;296.04833
Haloperidol;2021062101-pH8-SB-L3-FS;700209.895213827;12.5951439999999;500;8;positive;MQ;Haloperidol;FALSE;375.14014;375.14014
Haloperidol;2021062101-pH8-SB-L5-FS;13137733.9868626;12.57571;1000;8;positive;MQ;Haloperidol;FALSE;375.14014;375.14014
Reserpine;2021062101-pH8-SB-L5-FS;562720.586768198;13.367588;1000;8;positive;MQ;Reserpine;FALSE;608.27343;608.27343
Clotrimazole;2021062101-pH8-SB-L3-FS;4226936.41914459;13.793391;500;8;positive;MQ;Clotrimazole;TRUE;344.10803;344.10803
Clotrimazole;2021062101-pH8-SB-L5-FS;64657953.1188149;13.830747;1000;8;positive;MQ;Clotrimazole;TRUE;344.10803;344.10803
Clarithromycin_H+;2021062101-pH8-SB-L3-FS;4602188.75376657;13.909236;500;8;positive;MQ;Clarithromycin;TRUE;747.47696;747.47696
Clarithromycin_H+;2021062101-pH8-SB-L5-FS;68178305.7150592;13.9465129999999;1000;8;positive;MQ;Clarithromycin;TRUE;747.47696;747.47696
Emamectin;2021062101-pH8-SB-L5-FS;18309364.5859613;16.8103079999999;1000;8;positive;MQ;Emamectin;FALSE;885.5239;885.5239
Spinosad;2021062101-pH8-SB-L5-FS;24797318.7563212;17.115877;1000;8;positive;MQ;Spinosad;FALSE;731.46089;731.46089
Benzotriazole-5-carboxylic_acid;2021062101-pH8-SB-L3-FS;1572362.46903635;1.6101857;500;8;negative;MQ;Benzotriazole-5-carboxylic acid;FALSE;163.03819;163.03819
Benzotriazole-5-carboxylic_acid;2021062101-pH8-SB-L5-FS;15299252.5851603;1.6047001;1000;8;negative;MQ;Benzotriazole-5-carboxylic acid;FALSE;163.03819;163.03819
Atrazine-desethyl-desisopro਷_1;2021062101-pH8-SB-L3-FS;27833.6701552764;1.8063925;500;8;negative;MQ;Atrazine-desethyl-desisopropyl-2-hydroxy;TRUE;127.04942;127.04942
Atrazine-desethyl-desisopro਷_1;2021062101-pH8-SB-L5-FS;632208.557273624;1.8008112;1000;8;negative;MQ;Atrazine-desethyl-desisopropyl-2-hydroxy;TRUE;127.04942;127.04942
Amitrole;2021062101-pH8-SB-L5-FS;1139073.09134253;1.8789106;1000;8;negative;MQ;Amitrole;FALSE;84.0436;84.0436
Guanlylurea;2021062101-pH8-SB-L5-FS;323802.887942147;1.9755265;1000;8;negative;MQ;Guanylurea;FALSE;102.05417;102.05417
Atrazine-desisopropyl-2-hydroxy;2021062101-pH8-SB-L5-FS;499415.617237898;2.4048567;1000;8;negative;MQ;Atrazine-desisopropyl-2-hydroxy;FALSE;155.08072;155.08072
Chlorothiazide;2021062101-pH8-SB-L3-FS;7054396.30868786;2.65068;500;8;negative;MQ;Chlorothiazide;FALSE;294.94884;294.94884
Chlorothiazide;2021062101-pH8-SB-L5-FS;67922663.8412677;2.6393862;1000;8;negative;MQ;Chlorothiazide;FALSE;294.94884;294.94884
Adenosine;2021062101-pH8-SB-L5-FS;65074.3405125379;2.9137217;1000;8;negative;MQ;Adenosine;FALSE;267.09678;267.09678
Atrazine-desethyl-2-hydroxy;2021062101-pH8-SB-L3-FS;23589.4039030473;3.0637624;500;8;negative;MQ;Atrazine-desethyl-2-hydroxy;FALSE;169.09637;169.09637
Atrazine-desethyl-2-hydroxy;2021062101-pH8-SB-L5-FS;391989.561773281;3.0707017;1000;8;negative;MQ;Atrazine-desethyl-2-hydroxy;FALSE;169.09637;169.09637
Benzotriazole;2021062101-pH8-SB-L3-FS;2427958.63727049;4.2797867;500;8;negative;MQ;Benzotriazole;FALSE;119.04835;119.04835
Benzotriazole;2021062101-pH8-SB-L5-FS;26392544.1966558;4.2851198;1000;8;negative;MQ;Benzotriazole;FALSE;119.04835;119.04835
Aspartame;2021062101-pH8-SB-L5-FS;877600.207630812;4.1872456;1000;8;negative;MQ;Aspartame;FALSE;294.1216;294.1216
Sucralose;2021062101-pH8-SB-L3-FS;192836.235557389;4.7495145;500;8;negative;MQ;Sucralose;FALSE;396.0146;396.0146
Sucralose;2021062101-pH8-SB-L5-FS;1992896.13401223;4.7738558;1000;8;negative;MQ;Sucralose;FALSE;396.0146;396.0146
5-Chlorobenzotriazole;2021062101-pH8-SB-L3-FS;502193.357101095;5.4922319;500;8;negative;MQ;5-Chlorobenzotriazole;FALSE;153.00937;153.00937
5-Chlorobenzotriazole;2021062101-pH8-SB-L5-FS;5103023.35542342;5.5163253;1000;8;negative;MQ;5-Chlorobenzotriazole;FALSE;153.00937;153.00937
Metolachlor-OXA;2021062101-pH8-SB-L3-FS;228076.873284799;5.7265614;500;8;negative;MQ;Metolachlor-OXA;FALSE;279.14708;279.14708
Metolachlor-OXA;2021062101-pH8-SB-L5-FS;3200381.76226295;5.7310258;1000;8;negative;MQ;Metolachlor-OXA;FALSE;279.14708;279.14708
Atrazine-2-hydroxy;2021062101-pH8-SB-L5-FS;373822.950509021;5.9261035;1000;8;negative;MQ;Atrazine-2-hydroxy;FALSE;197.12767;197.12767
5-Methyl-1H-benzotriazole;2021062101-pH8-SB-L5-FS;906090.92616498;5.9261035;1000;8;negative;MQ;5-Methyl-1H-benzotriazole;FALSE;133.06399;133.06399
Metolachlor-ESA;2021062101-pH8-SB-L3-FS;884252.06881306;6.2145994;500;8;negative;MQ;Metolachlor-ESA;TRUE;329.12972;329.12972
Metolachlor-ESA;2021062101-pH8-SB-L5-FS;9997942.61490696;6.2185076;1000;8;negative;MQ;Metolachlor-ESA;TRUE;329.12972;329.12972
2-Hydroxybenzothiazole;2021062101-pH8-SB-L5-FS;2243348.99272902;7.0560243;1000;8;negative;MQ;2-Hydroxybenzothiazole;FALSE;151.00919;151.00919
Tylosin;2021062101-pH8-SB-L5-FS;178465.053674209;11.520739;1000;8;negative;MQ;Tylosin;FALSE;915.51924;915.51924
Climbazole;2021062101-pH8-SB-L5-FS;60934.0857701078;12.121091;1000;8;negative;MQ;Climbazole;FALSE;292.09787;292.09787
Efavirenz;2021062101-pH8-SB-L3-FS;1517612.41478539;12.933904;500;8;negative;MQ;Efavirenz;FALSE;315.02739;315.02739
Efavirenz;2021062101-pH8-SB-L5-FS;19717954.2521638;12.97222;1000;8;negative;MQ;Efavirenz;FALSE;315.02739;315.02739
Reserpine;2021062101-pH8-SB-L5-FS;139643.285027108;13.377388;1000;8;negative;MQ;Reserpine;FALSE;608.27343;608.27343
Clarithromycin_H+;2021062101-pH8-SB-L5-FS;35242.0418553513;13.994896;1000;8;negative;MQ;Clarithromycin;TRUE;747.47696;747.47696
Nigericin_H+;2021062101-pH8-SB-L3-FS;301039.624155117;17.758489;500;8;negative;MQ;Nigericin ;TRUE;724.47622;724.47622
Nigericin_H+;2021062101-pH8-SB-L5-FS;5353600.88172046;17.7924879999999;1000;8;negative;MQ;Nigericin ;TRUE;724.47622;724.47622
Benzotriazole-5-carboxylic_acid;2021062101-pH8-SB-L6-FS;740184.839964019;1.6149877;1000;8;positive;Tap;Benzotriazole-5-carboxylic acid;FALSE;163.03819;163.03819
Atrazine-desethyl-desisoproত_1;2021062101-pH8-SB-L4-FS;1083191.80108446;1.7976669;500;8;positive;Tap;Atrazine-desethyl-desisopropyl-2-hydroxy;TRUE;127.04942;127.04942
Atrazine-desethyl-desisoproত_1;2021062101-pH8-SB-L6-FS;14111744.1105635;1.7914114;1000;8;positive;Tap;Atrazine-desethyl-desisopropyl-2-hydroxy;TRUE;127.04942;127.04942
Amitrole_1;2021062101-pH8-SB-L4-FS;12536038.2640649;1.8760913;500;8;positive;Tap;Amitrole;FALSE;84.0436;84.0436
Amitrole_1;2021062101-pH8-SB-L6-FS;149484048.591893;1.8694212;1000;8;positive;Tap;Amitrole;FALSE;84.0436;84.0436
Guanlylurea;2021062101-pH8-SB-L4-FS;7557566.39446481;1.9926051;500;8;positive;Tap;Guanylurea;FALSE;102.05417;102.05417
Guanlylurea;2021062101-pH8-SB-L6-FS;68823556.1486677;1.9849162;1000;8;positive;Tap;Guanylurea;FALSE;102.05417;102.05417
Atrazine-desisopropyl-2-hydroxy;2021062101-pH8-SB-L4-FS;2337696.21296878;2.4055144999999998;500;8;positive;Tap;Atrazine-desisopropyl-2-hydroxy;FALSE;155.08072;155.08072
Atrazine-desisopropyl-2-hydroxy;2021062101-pH8-SB-L6-FS;34707539.0093297;2.3941736;1000;8;positive;Tap;Atrazine-desisopropyl-2-hydroxy;FALSE;155.08072;155.08072
Metamidophos;2021062101-pH8-SB-L4-FS;24427041.2155477;2.4055144999999998;500;8;positive;Tap;Methamidophos;TRUE;141.00134;141.00134
Metamidophos;2021062101-pH8-SB-L6-FS;242563276.734774;2.413663;1000;8;positive;Tap;Methamidophos;TRUE;141.00134;141.00134
Metformin;2021062101-pH8-SB-L4-FS;9579411.21428741;2.4644891;500;8;positive;Tap;Metformin;FALSE;129.10145;129.10145
Metformin;2021062101-pH8-SB-L6-FS;93365016.5482325;2.452719;1000;8;positive;Tap;Metformin;FALSE;129.10145;129.10145
Histamine;2021062101-pH8-SB-L4-FS;46164043.4771982;2.6414857;500;8;positive;Tap;Histamine;TRUE;111.07965;111.07965
Histamine;2021062101-pH8-SB-L6-FS;435425939.49475;2.6285906;1000;8;positive;Tap;Histamine;TRUE;111.07965;111.07965
Atrazine-desethyl-desisopropyl;2021062101-pH8-SB-L4-FS;136690.5832123;2.7005353;500;8;positive;Tap;Atrazine-desethyl-desisopropyl;FALSE;145.01552;145.01552
Atrazine-desethyl-desisopropyl;2021062101-pH8-SB-L6-FS;1842058.07685422;2.6871235;1000;8;positive;Tap;Atrazine-desethyl-desisopropyl;FALSE;145.01552;145.01552
Adenosine;2021062101-pH8-SB-L4-FS;540799.3452551;2.916617;500;8;positive;Tap;Adenosine;FALSE;267.09678;267.09678
Adenosine;2021062101-pH8-SB-L6-FS;6119519.58282186;2.9025865;1000;8;positive;Tap;Adenosine;FALSE;267.09678;267.09678
Atrazine-desethyl-2-hydroxy;2021062101-pH8-SB-L4-FS;1539548.76448521;3.0738429;500;8;positive;Tap;Atrazine-desethyl-2-hydroxy;FALSE;169.09637;169.09637
Atrazine-desethyl-2-hydroxy;2021062101-pH8-SB-L6-FS;19747612.2676941;3.0593707;1000;8;positive;Tap;Atrazine-desethyl-2-hydroxy;FALSE;169.09637;169.09637
Omethoate;2021062101-pH8-SB-L4-FS;1237306.42235277;3.0738429;500;8;positive;Tap;Omethoate;TRUE;213.02248;213.02248
Omethoate;2021062101-pH8-SB-L6-FS;22503808.3302056;3.0593707;1000;8;positive;Tap;Omethoate;TRUE;213.02248;213.02248
Caffeine;2021062101-pH8-SB-L4-FS;500722.431291118;4.1915909;500;8;positive;Tap;Caffeine;FALSE;194.08039;194.08039
Caffeine;2021062101-pH8-SB-L6-FS;5863918.9152325;4.1760604;1000;8;positive;Tap;Caffeine;FALSE;194.08039;194.08039
Caffeine-13C3;2021062101-pH8-SB-L4-FS;1765811.79092323;4.1915909;500;8;positive;Tap;Caffeine-13C3;FALSE;196.0984;196.0984
Caffeine-13C3;2021062101-pH8-SB-L6-FS;1764557.00742689;4.195704;1000;8;positive;Tap;Caffeine-13C3;FALSE;196.0984;196.0984
Benzotriazole;2021062101-pH8-SB-L4-FS;1726974.81045175;4.2895506;500;8;positive;Tap;Benzotriazole;FALSE;119.04835;119.04835
Benzotriazole;2021062101-pH8-SB-L6-FS;29695914.9186777;4.2740159;1000;8;positive;Tap;Benzotriazole;FALSE;119.04835;119.04835
Atrazine-desisopropyl_1;2021062101-pH8-SB-L4-FS;895038.100090945;4.7397556;500;8;positive;Tap;Atrazine-desisopropyl;FALSE;173.04682;173.04682
Atrazine-desisopropyl_1;2021062101-pH8-SB-L6-FS;10236009.3611318;4.7434499;1000;8;positive;Tap;Atrazine-desisopropyl;FALSE;173.04682;173.04682
Atrazine-2-hydroxy;2021062101-pH8-SB-L4-FS;354252.199944521;5.8931824;500;8;positive;Tap;Atrazine-2-hydroxy;FALSE;197.12767;197.12767
Atrazine-2-hydroxy;2021062101-pH8-SB-L6-FS;4486391.49240729;5.915385;1000;8;positive;Tap;Atrazine-2-hydroxy;FALSE;197.12767;197.12767
5-Methyl-1H-benzotriazole;2021062101-pH8-SB-L6-FS;4549350.28859596;5.915385;1000;8;positive;Tap;5-Methyl-1H-benzotriazole;FALSE;133.06399;133.06399
Atrazine-desethyl;2021062101-pH8-SB-L4-FS;832636.397306958;6.0884456;500;8;positive;Tap;Atrazine-desethyl;FALSE;187.06247;187.06247
Atrazine-desethyl;2021062101-pH8-SB-L6-FS;10236078.2924934;6.0909066;1000;8;positive;Tap;Atrazine-desethyl;FALSE;187.06247;187.06247
10,11-Dihydro-10-hydroxycarত_2;2021062101-pH8-SB-L4-FS;101396.31374003;6.576144;500;8;positive;Tap;10.11-Dihydro-10-hydroxycarbamazepine;TRUE;NA;254.10554
10,11-Dihydro-10-hydroxycarত_2;2021062101-pH8-SB-L6-FS;2003614.83951637;6.558524;1000;8;positive;Tap;10.11-Dihydro-10-hydroxycarbamazepine;TRUE;NA;254.10554
2-Aminobenzothiazole;2021062101-pH8-SB-L4-FS;6203273.4358862;6.8098902;500;8;positive;Tap;2-Aminobenzothiazole;FALSE;150.02517;150.02517
2-Aminobenzothiazole;2021062101-pH8-SB-L6-FS;77421617.0681221;6.8117971;1000;8;positive;Tap;2-Aminobenzothiazole;FALSE;150.02517;150.02517
Carbamazepine-10,11-epoxide;2021062101-pH8-SB-L4-FS;223629.607007595;7.1412795;500;8;positive;Tap;Carbamazepine-10,11-epoxide;FALSE;NA;252.27
Carbamazepine-10,11-epoxide;2021062101-pH8-SB-L6-FS;3676415.20662065;7.1427717;1000;8;positive;Tap;Carbamazepine-10,11-epoxide;FALSE;NA;252.27
Benzothiazole_1;2021062101-pH8-SB-L6-FS;3738679.4570043;7.6681116;1000;8;positive;Tap;Benzothiazole;FALSE;135.01427;135.01427
Simazine;2021062101-pH8-SB-L4-FS;1740511.7376004;8.03671439999999;500;8;positive;Tap;Simazine;FALSE;201.07812;201.07812
Simazine;2021062101-pH8-SB-L6-FS;15751980.6521945;8.0376838;1000;8;positive;Tap;Simazine;FALSE;201.07812;201.07812
Carbamazepine;2021062101-pH8-SB-L4-FS;16291537.4685057;8.542517;500;8;positive;Tap;Carbamazepine;TRUE;236.09497;236.09497
Carbamazepine;2021062101-pH8-SB-L6-FS;200727872.492809;8.5433447;1000;8;positive;Tap;Carbamazepine;TRUE;236.09497;236.09497
2-Methylbenzothaizole;2021062101-pH8-SB-L6-FS;2222465.72114392;8.9127399;1000;8;positive;Tap;2-Methylbenzothaizole;FALSE;181.00198;181.00198
Atrazine-d5;2021062101-pH8-SB-L4-FS;175772056.822691;9.4369082;500;8;positive;Tap;Atrazine-d5;FALSE;202.15904;202.15904
Atrazine-d5;2021062101-pH8-SB-L6-FS;175868890.574638;9.45656909999999;1000;8;positive;Tap;Atrazine-d5;FALSE;202.15904;202.15904
Atrazine;2021062101-pH8-SB-L4-FS;21529255.5011928;9.495212;500;8;positive;Tap;Atrazine;FALSE;215.09377;215.09377
Atrazine;2021062101-pH8-SB-L6-FS;238516580.434263;9.51473539999999;1000;8;positive;Tap;Atrazine;FALSE;215.09377;215.09377
Phenazine;2021062101-pH8-SB-L6-FS;183725.970888104;9.3206493;1000;8;positive;Tap;Phenazine;FALSE;180.06875;180.06875
Atrazine-desisopropyl_2;2021062101-pH8-SB-L6-FS;1054234.44343389;9.51473539999999;1000;8;positive;Tap;Atrazine-desisopropyl;FALSE;173.04682;173.04682
Metazachlor;2021062101-pH8-SB-L4-FS;563416.599942305;10.155597;500;8;positive;Tap;Metazachlor;TRUE;277.09819;277.09819
Metazachlor;2021062101-pH8-SB-L6-FS;6452167.38577105;10.174956;1000;8;positive;Tap;Metazachlor;TRUE;277.09819;277.09819
Tylosin;2021062101-pH8-SB-L4-FS;305918.395823786;11.474701;500;8;positive;Tap;Tylosin;FALSE;915.51924;915.51924
Tylosin;2021062101-pH8-SB-L6-FS;4326123.10955202;11.512762;1000;8;positive;Tap;Tylosin;FALSE;915.51924;915.51924
Climbazole;2021062101-pH8-SB-L4-FS;1051470.96366287;12.13387;500;8;positive;Tap;Climbazole;FALSE;292.09787;292.09787
Climbazole;2021062101-pH8-SB-L6-FS;14099325.8586571;12.132716;1000;8;positive;Tap;Climbazole;FALSE;292.09787;292.09787
Irgarol;2021062101-pH8-SB-L4-FS;54330444.1674282;12.17265;500;8;positive;Tap;Irgarol;FALSE;253.13612;253.13612
Irgarol;2021062101-pH8-SB-L6-FS;557742465.980571;12.190803;1000;8;positive;Tap;Irgarol;FALSE;253.13612;253.13612
Metolachlor;2021062101-pH8-SB-L4-FS;2260290.16898648;12.3275989999999;500;8;positive;Tap;Metolachlor;TRUE;283.13391;283.13391
Metolachlor;2021062101-pH8-SB-L6-FS;30484014.4928403;12.345725;1000;8;positive;Tap;Metolachlor;TRUE;283.13391;283.13391
Ketoconazole;2021062101-pH8-SB-L4-FS;2804504.46992215;12.385668;500;8;positive;Tap;Ketoconazole;TRUE;530.14879;530.14879
Ketoconazole;2021062101-pH8-SB-L6-FS;35139388.245848;12.403779;1000;8;positive;Tap;Ketoconazole;TRUE;530.14879;530.14879
Imazalil-d5;2021062101-pH8-SB-L4-FS;227301893.957072;12.637378;500;8;positive;Tap;Imazalil-d5;FALSE;301.07188;301.07188
Imazalil-d5;2021062101-pH8-SB-L6-FS;232157003.48101;12.636058;1000;8;positive;Tap;Imazalil-d5;FALSE;301.07188;301.07188
Imazalil;2021062101-pH8-SB-L4-FS;30782577.5716134;12.656749;500;8;positive;Tap;Imazalil;FALSE;296.04833;296.04833
Imazalil;2021062101-pH8-SB-L6-FS;358639584.007592;12.694095;1000;8;positive;Tap;Imazalil;FALSE;296.04833;296.04833
Haloperidol;2021062101-pH8-SB-L4-FS;1231384.69751731;12.579345;500;8;positive;Tap;Haloperidol;FALSE;375.14014;375.14014
Haloperidol;2021062101-pH8-SB-L6-FS;13791771.5838603;12.577988;1000;8;positive;Tap;Haloperidol;FALSE;375.14014;375.14014
Reserpine;2021062101-pH8-SB-L6-FS;495103.714321876;13.389517;1000;8;positive;Tap;Reserpine;FALSE;608.27343;608.27343
Clotrimazole;2021062101-pH8-SB-L4-FS;2306450.33867357;13.797413;500;8;positive;Tap;Clotrimazole;TRUE;344.10803;344.10803
Clotrimazole;2021062101-pH8-SB-L6-FS;31346303.290034;13.814429;1000;8;positive;Tap;Clotrimazole;TRUE;344.10803;344.10803
Clarithromycin_H+;2021062101-pH8-SB-L4-FS;5823616.08762132;13.913319;500;8;positive;Tap;Clarithromycin;TRUE;747.47696;747.47696
Clarithromycin_H+;2021062101-pH8-SB-L6-FS;64844234.4547211;13.9688859999999;1000;8;positive;Tap;Clarithromycin;TRUE;747.47696;747.47696
Emamectin;2021062101-pH8-SB-L4-FS;1328118.17601294;16.7601039999999;500;8;positive;Tap;Emamectin;FALSE;885.5239;885.5239
Emamectin;2021062101-pH8-SB-L6-FS;36574332.3931476;16.776496;1000;8;positive;Tap;Emamectin;FALSE;885.5239;885.5239
Spinosad;2021062101-pH8-SB-L4-FS;1882954.56830766;17.066481;500;8;positive;Tap;Spinosad;FALSE;731.46089;731.46089
Spinosad;2021062101-pH8-SB-L6-FS;31009310.3194507;17.1014979999999;1000;8;positive;Tap;Spinosad;FALSE;731.46089;731.46089
Benzotriazole-5-carboxylic_acid;2021062101-pH8-SB-L4-FS;1056735.84961293;1.6306119;500;8;negative;Tap;Benzotriazole-5-carboxylic acid;FALSE;163.03819;163.03819
Benzotriazole-5-carboxylic_acid;2021062101-pH8-SB-L6-FS;14140301.1655323;1.6248231;1000;8;negative;Tap;Benzotriazole-5-carboxylic acid;FALSE;163.03819;163.03819
Atrazine-desethyl-desisoproত_1;2021062101-pH8-SB-L4-FS;30488.9537756865;1.8075419;500;8;negative;Tap;Atrazine-desethyl-desisopropyl-2-hydroxy;TRUE;127.04942;127.04942
Atrazine-desethyl-desisoproত_1;2021062101-pH8-SB-L6-FS;722555.576378917;1.8012259;1000;8;negative;Tap;Atrazine-desethyl-desisopropyl-2-hydroxy;TRUE;127.04942;127.04942
Amitrole;2021062101-pH8-SB-L6-FS;771700.740255217;1.8598984;1000;8;negative;Tap;Amitrole;FALSE;84.0436;84.0436
Guanlylurea;2021062101-pH8-SB-L6-FS;247459.991169913;1.9947015;1000;8;negative;Tap;Guanylurea;FALSE;102.05417;102.05417
Atrazine-desisopropyl-2-hydroxy;2021062101-pH8-SB-L6-FS;456875.602141393;2.4040173;1000;8;negative;Tap;Atrazine-desisopropyl-2-hydroxy;FALSE;155.08072;155.08072
Chlorothiazide;2021062101-pH8-SB-L4-FS;6805029.67447126;2.6710626;500;8;negative;Tap;Chlorothiazide;FALSE;294.94884;294.94884
Chlorothiazide;2021062101-pH8-SB-L6-FS;66349559.8041734;2.6579154;1000;8;negative;Tap;Chlorothiazide;FALSE;294.94884;294.94884
Adenosine;2021062101-pH8-SB-L6-FS;63969.0613389008;2.9124427;1000;8;negative;Tap;Adenosine;FALSE;267.09678;267.09678
Atrazine-desethyl-2-hydroxy;2021062101-pH8-SB-L6-FS;377393.604669151;3.0496458;1000;8;negative;Tap;Atrazine-desethyl-2-hydroxy;FALSE;169.09637;169.09637
Benzotriazole;2021062101-pH8-SB-L4-FS;1091412.19553828;4.2993922;500;8;negative;Tap;Benzotriazole;FALSE;119.04835;119.04835
Benzotriazole;2021062101-pH8-SB-L6-FS;16993286.0624311;4.283895;1000;8;negative;Tap;Benzotriazole;FALSE;119.04835;119.04835
Sucralose;2021062101-pH8-SB-L4-FS;200257.591772536;4.7692179;500;8;negative;Tap;Sucralose;FALSE;396.0146;396.0146
Sucralose;2021062101-pH8-SB-L6-FS;1738105.47675164;4.7533103;1000;8;negative;Tap;Sucralose;FALSE;396.0146;396.0146
5-Chlorobenzotriazole;2021062101-pH8-SB-L6-FS;2053885.50839972;5.5155129;1000;8;negative;Tap;5-Chlorobenzotriazole;FALSE;153.00937;153.00937
Metolachlor-OXA;2021062101-pH8-SB-L4-FS;260593.486210027;5.7273003;500;8;negative;Tap;Metolachlor-OXA;FALSE;279.14708;279.14708
Metolachlor-OXA;2021062101-pH8-SB-L6-FS;3103729.88985895;5.7106719;1000;8;negative;Tap;Metolachlor-OXA;FALSE;279.14708;279.14708
Atrazine-2-hydroxy;2021062101-pH8-SB-L6-FS;333273.159559919;5.9057601;1000;8;negative;Tap;Atrazine-2-hydroxy;FALSE;197.12767;197.12767
Metolachlor-ESA;2021062101-pH8-SB-L4-FS;951320.268300968;6.2349612;500;8;negative;Tap;Metolachlor-ESA;TRUE;329.12972;329.12972
Metolachlor-ESA;2021062101-pH8-SB-L6-FS;10076858.2776234;6.2371701;1000;8;negative;Tap;Metolachlor-ESA;TRUE;329.12972;329.12972
2-Hydroxybenzothiazole;2021062101-pH8-SB-L6-FS;2026290.64988234;7.055339;1000;8;negative;Tap;2-Hydroxybenzothiazole;FALSE;151.00919;151.00919
Clotrimazole;2021062101-pH8-SB-L4-FS;435419.918604102;1.5325605;500;8;negative;Tap;Clotrimazole;TRUE;344.10803;344.10803
Clotrimazole;2021062101-pH8-SB-L6-FS;563657.594617939;1.4884011;1000;8;negative;Tap;Clotrimazole;TRUE;344.10803;344.10803
Atrazine;2021062101-pH8-SB-L6-FS;39104.8805273423;9.52460619999999;1000;8;negative;Tap;Atrazine;FALSE;215.09377;215.09377
Tylosin;2021062101-pH8-SB-L6-FS;150849.978111503;11.522593;1000;8;negative;Tap;Tylosin;FALSE;915.51924;915.51924
Climbazole;2021062101-pH8-SB-L6-FS;67957.8462191607;12.142578;1000;8;negative;Tap;Climbazole;FALSE;292.09787;292.09787
Efavirenz;2021062101-pH8-SB-L4-FS;1482092.99934742;12.937422;500;8;negative;Tap;Efavirenz;FALSE;315.02739;315.02739
Efavirenz;2021062101-pH8-SB-L6-FS;19323770.0651136;12.9554849999999;1000;8;negative;Tap;Efavirenz;FALSE;315.02739;315.02739
Reserpine;2021062101-pH8-SB-L6-FS;123071.546972812;13.380007;1000;8;negative;Tap;Reserpine;FALSE;608.27343;608.27343
Emamectin;2021062101-pH8-SB-L6-FS;74500.3771444909;16.805329;1000;8;negative;Tap;Emamectin;FALSE;885.5239;885.5239
Nigericin_H+;2021062101-pH8-SB-L4-FS;283767.392220465;17.763303;500;8;negative;Tap;Nigericin ;TRUE;724.47622;724.47622
Nigericin_H+;2021062101-pH8-SB-L6-FS;5255703.11995264;17.7785389999999;1000;8;negative;Tap;Nigericin ;TRUE;724.47622;724.47622
Amitrole_1;2021062101-pH10-SB-L3-FS;1575278.04190098;1.8086573;500;10;positive;MQ;Amitrole;FALSE;84.0436;84.0436
Amitrole_1;2021062101-pH10-SB-L5-FS;34113444.8079734;1.8047266;1000;10;positive;MQ;Amitrole;FALSE;84.0436;84.0436
Atrazine-desethyl-desisoproŝ_1;2021062101-pH10-SB-L3-FS;951636.112250847;1.4918909;500;10;positive;MQ;Atrazine-desethyl-desisopropyl-2-hydroxy;TRUE;127.04942;127.04942
Atrazine-desethyl-desisoproŝ_1;2021062101-pH10-SB-L5-FS;11398999.5965225;1.4887602;1000;10;positive;MQ;Atrazine-desethyl-desisopropyl-2-hydroxy;TRUE;127.04942;127.04942
Amitrole_2;2021062101-pH10-SB-L3-FS;1791795.81354922;1.8086573;500;10;positive;MQ;Amitrole;FALSE;84.0436;84.0436
Amitrole_2;2021062101-pH10-SB-L5-FS;35293248.1333561;1.8047266;1000;10;positive;MQ;Amitrole;FALSE;84.0436;84.0436
Guanlylurea;2021062101-pH10-SB-L3-FS;5146313.35351969;1.8680006;500;10;positive;MQ;Guanylurea;FALSE;102.05417;102.05417
Guanlylurea;2021062101-pH10-SB-L5-FS;49656143.3453779;1.8636740999999999;1000;10;positive;MQ;Guanylurea;FALSE;102.05417;102.05417
Benzotriazole;2021062101-pH10-SB-L3-FS;1065039.05845885;1.8877609;500;10;positive;MQ;Benzotriazole;FALSE;119.04835;119.04835
Benzotriazole;2021062101-pH10-SB-L5-FS;11632598.8851357;1.8636740999999999;1000;10;positive;MQ;Benzotriazole;FALSE;119.04835;119.04835
Atrazine-desisopropyl-2-hydroxy;2021062101-pH10-SB-L3-FS;688992.351713189;1.985456;500;10;positive;MQ;Atrazine-desisopropyl-2-hydroxy;FALSE;155.08072;155.08072
Atrazine-desisopropyl-2-hydroxy;2021062101-pH10-SB-L5-FS;10184144.9085901;1.9596921;1000;10;positive;MQ;Atrazine-desisopropyl-2-hydroxy;FALSE;155.08072;155.08072
Aspartame;2021062101-pH10-SB-L5-FS;846610.798929985;3.0542507;1000;10;positive;MQ;Aspartame;FALSE;294.1216;294.1216
Atrazine-desethyl-2-hydroxy;2021062101-pH10-SB-L3-FS;746555.826412586;2.63872;500;10;positive;MQ;Atrazine-desethyl-2-hydroxy;FALSE;169.09637;169.09637
Atrazine-desethyl-2-hydroxy;2021062101-pH10-SB-L5-FS;8696431.3565231;2.6215685;1000;10;positive;MQ;Atrazine-desethyl-2-hydroxy;FALSE;169.09637;169.09637
Metamidophos;2021062101-pH10-SB-L3-FS;5880680.24629868;2.5594163;500;10;positive;MQ;Methamidophos;TRUE;141.00134;141.00134
Metamidophos;2021062101-pH10-SB-L5-FS;51241706.3167091;2.5430086;1000;10;positive;MQ;Methamidophos;TRUE;141.00134;141.00134
5-Methyl-1H-benzotriazole;2021062101-pH10-SB-L5-FS;3219340.42502316;2.837546;1000;10;positive;MQ;5-Methyl-1H-benzotriazole;FALSE;133.06399;133.06399
Atrazine-desethyl-desisopropyl;2021062101-pH10-SB-L5-FS;53299.5974094427;2.7391988;1000;10;positive;MQ;Atrazine-desethyl-desisopropyl;FALSE;145.01552;145.01552
Adenosine;2021062101-pH10-SB-L3-FS;149834.90900051;3.0561439;500;10;positive;MQ;Adenosine;FALSE;267.09678;267.09678
Adenosine;2021062101-pH10-SB-L5-FS;1373002.55635577;3.0542507;1000;10;positive;MQ;Adenosine;FALSE;267.09678;267.09678
Omethoate;2021062101-pH10-SB-L3-FS;355753.389049693;3.3150003;500;10;positive;MQ;Omethoate;TRUE;213.02248;213.02248
Omethoate;2021062101-pH10-SB-L5-FS;9063793.68543026;3.2911906;1000;10;positive;MQ;Omethoate;TRUE;213.02248;213.02248
Caffeine;2021062101-pH10-SB-L5-FS;477516.112750458;4.4186218;1000;10;positive;MQ;Caffeine;FALSE;194.08039;194.08039
Caffeine-13C3;2021062101-pH10-SB-L3-FS;138467.094878623;4.4458794;500;10;positive;MQ;Caffeine-13C3;FALSE;196.0984;196.0984
Caffeine-13C3;2021062101-pH10-SB-L5-FS;98422.140995635;4.4384383;1000;10;positive;MQ;Caffeine-13C3;FALSE;196.0984;196.0984
Atrazine-desisopropyl_1;2021062101-pH10-SB-L3-FS;90967.8280191032;4.8219142;500;10;positive;MQ;Atrazine-desisopropyl;FALSE;173.04682;173.04682
Atrazine-desisopropyl_1;2021062101-pH10-SB-L5-FS;884679.58828041;4.8136731;1000;10;positive;MQ;Atrazine-desisopropyl;FALSE;173.04682;173.04682
Metformin;2021062101-pH10-SB-L3-FS;7525837.56353477;5.5147403;500;10;positive;MQ;Metformin;FALSE;129.10145;129.10145
Metformin;2021062101-pH10-SB-L5-FS;89600318.6800052;5.6234545;1000;10;positive;MQ;Metformin;FALSE;129.10145;129.10145
Atrazine-2-hydroxy;2021062101-pH10-SB-L3-FS;228890.179991358;5.7918029;500;10;positive;MQ;Atrazine-2-hydroxy;FALSE;197.12767;197.12767
Atrazine-2-hydroxy;2021062101-pH10-SB-L5-FS;3427674.21013633;5.7813034;1000;10;positive;MQ;Atrazine-2-hydroxy;FALSE;197.12767;197.12767
Atrazine-desethyl;2021062101-pH10-SB-L3-FS;160612.849156096;6.1081213;500;10;positive;MQ;Atrazine-desethyl;FALSE;187.06247;187.06247
Atrazine-desethyl;2021062101-pH10-SB-L5-FS;1319027.09147419;6.0969844;1000;10;positive;MQ;Atrazine-desethyl;FALSE;187.06247;187.06247
10,11-Dihydro-10-hydroxycarŝ_2;2021062101-pH10-SB-L3-FS;41731.0861190477;6.7402603;500;10;positive;MQ;10.11-Dihydro-10-hydroxycarbamazepine;TRUE;254.10554;254.10554
10,11-Dihydro-10-hydroxycarŝ_2;2021062101-pH10-SB-L5-FS;687967.625410341;6.7078798;1000;10;positive;MQ;10.11-Dihydro-10-hydroxycarbamazepine;TRUE;254.10554;254.10554
2-Aminobenzothiazole;2021062101-pH10-SB-L3-FS;3032339.29529904;6.7796976;500;10;positive;MQ;2-Aminobenzothiazole;FALSE;150.02517;150.02517
2-Aminobenzothiazole;2021062101-pH10-SB-L5-FS;32094875.0945159;6.7472921;1000;10;positive;MQ;2-Aminobenzothiazole;FALSE;150.02517;150.02517
Butocarboxim_H+;2021062101-pH10-SB-L5-FS;152442.421902524;7.0822521;1000;10;positive;MQ;Butocarboxim;TRUE;190.07761;190.07761
Carbamazepine-10,11-epoxide;2021062101-pH10-SB-L3-FS;75645.0500165555;7.4905861;500;10;positive;MQ;Carbamazepine-10,11-epoxide;FALSE;NA;252.27
Carbamazepine-10,11-epoxide;2021062101-pH10-SB-L5-FS;1269939.34329604;7.4568389;1000;10;positive;MQ;Carbamazepine-10,11-epoxide;FALSE;NA;252.27
Benzothiazole_1;2021062101-pH10-SB-L5-FS;1503103.53621851;7.8503735;1000;10;positive;MQ;Benzothiazole;FALSE;135.01427;135.01427
Simazine;2021062101-pH10-SB-L3-FS;797704.357792969;8.08137329999999;500;10;positive;MQ;Simazine;FALSE;201.07812;201.07812
Simazine;2021062101-pH10-SB-L5-FS;7529564.87911094;8.0672073;1000;10;positive;MQ;Simazine;FALSE;201.07812;201.07812
Dichlorvos;2021062101-pH10-SB-L5-FS;116279.598395755;8.2440539;1000;10;positive;MQ;Dichlorvos;FALSE;219.94592;219.94592
Carbamazepine;2021062101-pH10-SB-L3-FS;8201249.78528466;8.77117239999999;500;10;positive;MQ;Carbamazepine;TRUE;236.09497;236.09497
Carbamazepine;2021062101-pH10-SB-L5-FS;86887200.6175751;8.7554397;1000;10;positive;MQ;Carbamazepine;TRUE;236.09497;236.09497
2-Methylbenzothaizole;2021062101-pH10-SB-L3-FS;33751.1362037359;9.0861096;500;10;positive;MQ;2-Methylbenzothaizole;FALSE;181.00198;181.00198
2-Methylbenzothaizole;2021062101-pH10-SB-L5-FS;1606804.70243434;9.0505437;1000;10;positive;MQ;2-Methylbenzothaizole;FALSE;181.00198;181.00198
Atrazine-d5;2021062101-pH10-SB-L3-FS;105616038.975441;9.4598381;500;10;positive;MQ;Atrazine-d5;FALSE;202.15904;202.15904
Atrazine-d5;2021062101-pH10-SB-L5-FS;90233529.9825758;9.4434554;1000;10;positive;MQ;Atrazine-d5;FALSE;202.15904;202.15904
Atrazine-desisopropyl_2;2021062101-pH10-SB-L3-FS;69452.8646229065;9.51857309999999;500;10;positive;MQ;Atrazine-desisopropyl;FALSE;173.04682;173.04682
Atrazine-desisopropyl_2;2021062101-pH10-SB-L5-FS;583143.013581866;9.5019487;1000;10;positive;MQ;Atrazine-desisopropyl;FALSE;173.04682;173.04682
Atrazine;2021062101-pH10-SB-L3-FS;15446569.2444606;9.51857309999999;500;10;positive;MQ;Atrazine;FALSE;215.09377;215.09377
Atrazine;2021062101-pH10-SB-L5-FS;122371410.181524;9.5019487;1000;10;positive;MQ;Atrazine;FALSE;215.09377;215.09377
Phenazine;2021062101-pH10-SB-L5-FS;127959.236375719;9.5019487;1000;10;positive;MQ;Phenazine;FALSE;180.06875;180.06875
Metazachlor;2021062101-pH10-SB-L3-FS;305950.634166051;10.344704;500;10;positive;MQ;Metazachlor;TRUE;277.09819;277.09819
Metazachlor;2021062101-pH10-SB-L5-FS;3616987.66998468;10.3261679999999;1000;10;positive;MQ;Metazachlor;TRUE;277.09819;277.09819
2-(Methylthio)benzothiazole;2021062101-pH10-SB-L5-FS;94672.3290300009;11.248398;1000;10;positive;MQ;2-(Methylthio)benzothiazole;FALSE;181.00198;181.00198
Tylosin;2021062101-pH10-SB-L3-FS;895267.13543975;11.543271;500;10;positive;MQ;Tylosin;FALSE;915.51924;915.51924
Tylosin;2021062101-pH10-SB-L5-FS;9923205.08760369;11.5428979999999;1000;10;positive;MQ;Tylosin;FALSE;915.51924;915.51924
Climbazole;2021062101-pH10-SB-L3-FS;1479758.06853546;12.152476;500;10;positive;MQ;Climbazole;FALSE;292.09787;292.09787
Climbazole;2021062101-pH10-SB-L5-FS;19734527.6790713;12.131465;1000;10;positive;MQ;Climbazole;FALSE;292.09787;292.09787
Irgarol;2021062101-pH10-SB-L3-FS;46753435.114917;12.250505;500;10;positive;MQ;Irgarol;FALSE;253.13612;253.13612
Irgarol;2021062101-pH10-SB-L5-FS;433079779.126432;12.248278000000001;1000;10;positive;MQ;Irgarol;FALSE;253.13612;253.13612
Metolachlor;2021062101-pH10-SB-L3-FS;1562511.46377779;12.466618;500;10;positive;MQ;Metolachlor;TRUE;283.13391;283.13391
Metolachlor;2021062101-pH10-SB-L5-FS;19994053.33568;12.463896;1000;10;positive;MQ;Metolachlor;TRUE;283.13391;283.13391
Ketoconazole;2021062101-pH10-SB-L3-FS;3836827.24349989;12.545249;500;10;positive;MQ;Ketoconazole;TRUE;530.14879;530.14879
Ketoconazole;2021062101-pH10-SB-L5-FS;54560438.4692624;12.542339;1000;10;positive;MQ;Ketoconazole;TRUE;530.14879;530.14879
Imazalil-d5;2021062101-pH10-SB-L3-FS;227279794.617445;12.7212409999999;500;10;positive;MQ;Imazalil-d5;FALSE;301.07188;301.07188
Imazalil-d5;2021062101-pH10-SB-L5-FS;200527422.890211;12.698408;1000;10;positive;MQ;Imazalil-d5;FALSE;301.07188;301.07188
Imazalil;2021062101-pH10-SB-L3-FS;36796742.724614;12.760189;500;10;positive;MQ;Imazalil;FALSE;296.04833;296.04833
Imazalil;2021062101-pH10-SB-L5-FS;322625542.576363;12.737012;1000;10;positive;MQ;Imazalil;FALSE;296.04833;296.04833
Haloperidol;2021062101-pH10-SB-L3-FS;1135604.76628676;12.799645;500;10;positive;MQ;Haloperidol;FALSE;375.14014;375.14014
Haloperidol;2021062101-pH10-SB-L5-FS;16012062.9952512;12.795545;1000;10;positive;MQ;Haloperidol;FALSE;375.14014;375.14014
Reserpine;2021062101-pH10-SB-L5-FS;609877.71710443;13.65762;1000;10;positive;MQ;Reserpine;FALSE;608.27343;608.27343
Clotrimazole;2021062101-pH10-SB-L3-FS;4324074.29443382;14.094654;500;10;positive;MQ;Clotrimazole;TRUE;344.10803;344.10803
Clotrimazole;2021062101-pH10-SB-L5-FS;53048153.1784523;14.0686769999999;1000;10;positive;MQ;Clotrimazole;TRUE;344.10803;344.10803
Simvastatin_H+;2021062101-pH10-SB-L5-FS;657070.99382638;14.691862;1000;10;positive;MQ;Simvastatin;TRUE;418.27195;418.27195
Clarithromycin_H+;2021062101-pH10-SB-L3-FS;5547756.35364956;14.954352;500;10;positive;MQ;Clarithromycin;TRUE;747.47696;747.47696
Clarithromycin_H+;2021062101-pH10-SB-L5-FS;65694271.8634422;14.945954;1000;10;positive;MQ;Clarithromycin;TRUE;747.47696;747.47696
Sudan_I;2021062101-pH10-SB-L5-FS;74478.7258246958;15.2588329999999;1000;10;positive;MQ;Sudan I;FALSE;248.09497;248.09497
Emamectin;2021062101-pH10-SB-L3-FS;92549.9159196114;17.183781;500;10;positive;MQ;Emamectin;FALSE;885.5239;885.5239
Emamectin;2021062101-pH10-SB-L5-FS;18840513.1665508;17.153917;1000;10;positive;MQ;Emamectin;FALSE;885.5239;885.5239
Spinosad;2021062101-pH10-SB-L3-FS;109109.226464474;17.924505;500;10;positive;MQ;Spinosad;FALSE;731.46089;731.46089
Spinosad;2021062101-pH10-SB-L5-FS;32202315.4890005;17.8937279999999;1000;10;positive;MQ;Spinosad;FALSE;731.46089;731.46089
Histamine;2021062101-pH10-SB-L3-FS;520015.564151531;1.3235234;500;10;negative;MQ;Histamine;TRUE;111.07965;111.07965
Histamine;2021062101-pH10-SB-L5-FS;517053.221812822;1.2024373;1000;10;negative;MQ;Histamine;TRUE;111.07965;111.07965
Chlorothiazide;2021062101-pH10-SB-L3-FS;6024714.97903547;1.4618474;500;10;negative;MQ;Chlorothiazide;FALSE;294.94884;294.94884
Chlorothiazide;2021062101-pH10-SB-L5-FS;45434799.867397;1.4587479;1000;10;negative;MQ;Chlorothiazide;FALSE;294.94884;294.94884
Atrazine-desethyl-desisoproŝ_1;2021062101-pH10-SB-L5-FS;435687.99551823;1.4983435;1000;10;negative;MQ;Atrazine-desethyl-desisopropyl-2-hydroxy;TRUE;127.04942;127.04942
Benzotriazole;2021062101-pH10-SB-L3-FS;2886395.03142281;1.8776339;500;10;negative;MQ;Benzotriazole;FALSE;119.04835;119.04835
Benzotriazole;2021062101-pH10-SB-L5-FS;16439330.730324;1.8732844;1000;10;negative;MQ;Benzotriazole;FALSE;119.04835;119.04835
Atrazine-desisopropyl-2-hydroxy;2021062101-pH10-SB-L5-FS;329245.461455932;1.9692837;1000;10;negative;MQ;Atrazine-desisopropyl-2-hydroxy;FALSE;155.08072;155.08072
Atrazine-desethyl-2-hydroxy;2021062101-pH10-SB-L5-FS;278962.395592235;2.6115331;1000;10;negative;MQ;Atrazine-desethyl-2-hydroxy;FALSE;169.09637;169.09637
5-Chlorobenzotriazole;2021062101-pH10-SB-L3-FS;897781.234430014;2.9265345;500;10;negative;MQ;5-Chlorobenzotriazole;FALSE;153.00937;153.00937
5-Chlorobenzotriazole;2021062101-pH10-SB-L5-FS;7435457.06368699;2.8865269;1000;10;negative;MQ;5-Chlorobenzotriazole;FALSE;153.00937;153.00937
Benzotriazole-5-carboxylic_acid;2021062101-pH10-SB-L3-FS;974222.459585429;1.3632002;500;10;negative;MQ;Benzotriazole-5-carboxylic acid;FALSE;163.03819;163.03819
Benzotriazole-5-carboxylic_acid;2021062101-pH10-SB-L5-FS;11526748.6285012;1.3601591;1000;10;negative;MQ;Benzotriazole-5-carboxylic acid;FALSE;163.03819;163.03819
Metolachlor-OXA;2021062101-pH10-SB-L3-FS;151404.391688308;4.7127379;500;10;negative;MQ;Metolachlor-OXA;FALSE;279.14708;279.14708
Metolachlor-OXA;2021062101-pH10-SB-L5-FS;3355430.0508461;4.6653596;1000;10;negative;MQ;Metolachlor-OXA;FALSE;279.14708;279.14708
Sucralose;2021062101-pH10-SB-L5-FS;625532.352550919;4.6850886;1000;10;negative;MQ;Sucralose;FALSE;396.0146;396.0146
Atrazine-2-hydroxy;2021062101-pH10-SB-L5-FS;152433.177693474;5.7711013;1000;10;negative;MQ;Atrazine-2-hydroxy;FALSE;197.12767;197.12767
2-Hydroxybenzothiazole;2021062101-pH10-SB-L3-FS;99473.2021729398;7.5399044;500;10;negative;MQ;2-Hydroxybenzothiazole;FALSE;151.00919;151.00919
Efavirenz;2021062101-pH10-SB-L3-FS;1225392.49168236;12.6137789999999;500;10;negative;MQ;Efavirenz;FALSE;315.02739;315.02739
Efavirenz;2021062101-pH10-SB-L5-FS;14949676.9878802;12.6106739999999;1000;10;negative;MQ;Efavirenz;FALSE;315.02739;315.02739
Metolachlor-ESA;2021062101-pH10-SB-L3-FS;725729.603829075;5.1483242;500;10;negative;MQ;Metolachlor-ESA;TRUE;329.12972;329.12972
Metolachlor-ESA;2021062101-pH10-SB-L5-FS;7612781.65726987;5.0998522;1000;10;negative;MQ;Metolachlor-ESA;TRUE;329.12972;329.12972
Nigericin_H+;2021062101-pH10-SB-L5-FS;2644694.4421652;19.125184;1000;10;negative;MQ;Nigericin ;TRUE;724.47622;724.47622
Chlorothiazide;2021062101-pH10-SB-L6-FS;18000.1884120117;1.4879313;1000;10;positive;Tap;Chlorothiazide;FALSE;294.94884;294.94884
Amitrole_1;2021062101-pH10-SB-L4-FS;230910.207604838;1.4310534;500;10;positive;Tap;Amitrole;FALSE;84.0436;84.0436
Amitrole_1;2021062101-pH10-SB-L6-FS;1713518.49400732;1.4284653;1000;10;positive;Tap;Amitrole;FALSE;84.0436;84.0436
Atrazine-desethyl-desisoproŝ_1;2021062101-pH10-SB-L4-FS;485112.895457752;1.5306112;500;10;positive;Tap;Atrazine-desethyl-desisopropyl-2-hydroxy;TRUE;127.04942;127.04942
Atrazine-desethyl-desisoproŝ_1;2021062101-pH10-SB-L6-FS;4888704.71500805;1.5274227;1000;10;positive;Tap;Atrazine-desethyl-desisopropyl-2-hydroxy;TRUE;127.04942;127.04942
Amitrole_2;2021062101-pH10-SB-L4-FS;1258526.58658645;1.8286775;500;10;positive;Tap;Amitrole;FALSE;84.0436;84.0436
Amitrole_2;2021062101-pH10-SB-L6-FS;12695396.926614;1.805081;1000;10;positive;Tap;Amitrole;FALSE;84.0436;84.0436
Guanlylurea;2021062101-pH10-SB-L4-FS;5175428.79386295;1.8684378;500;10;positive;Tap;Guanylurea;FALSE;102.05417;102.05417
Guanlylurea;2021062101-pH10-SB-L6-FS;45855113.4807359;1.864343;1000;10;positive;Tap;Guanylurea;FALSE;102.05417;102.05417
Benzotriazole;2021062101-pH10-SB-L4-FS;657358.736189841;1.9078417;500;10;positive;Tap;Benzotriazole;FALSE;119.04835;119.04835
Benzotriazole;2021062101-pH10-SB-L6-FS;8223195.56968879;1.8838054;1000;10;positive;Tap;Benzotriazole;FALSE;119.04835;119.04835
Atrazine-desisopropyl-2-hydroxy;2021062101-pH10-SB-L4-FS;890930.716872815;2.0055553;500;10;positive;Tap;Atrazine-desisopropyl-2-hydroxy;FALSE;155.08072;155.08072
Atrazine-desisopropyl-2-hydroxy;2021062101-pH10-SB-L6-FS;10904835.0234196;1.9604467;1000;10;positive;Tap;Atrazine-desisopropyl-2-hydroxy;FALSE;155.08072;155.08072
Atrazine-desethyl-2-hydroxy;2021062101-pH10-SB-L4-FS;693999.197151258;2.6202258;500;10;positive;Tap;Atrazine-desethyl-2-hydroxy;FALSE;169.09637;169.09637
Atrazine-desethyl-2-hydroxy;2021062101-pH10-SB-L6-FS;9511656.88026461;2.6021229;1000;10;positive;Tap;Atrazine-desethyl-2-hydroxy;FALSE;169.09637;169.09637
Metamidophos;2021062101-pH10-SB-L4-FS;5722267.53850784;2.5406805;500;10;positive;Tap;Methamidophos;TRUE;141.00134;141.00134
Metamidophos;2021062101-pH10-SB-L6-FS;51685691.4219842;2.5238652;1000;10;positive;Tap;Methamidophos;TRUE;141.00134;141.00134
5-Methyl-1H-benzotriazole;2021062101-pH10-SB-L6-FS;1753233.43954572;2.8574877;1000;10;positive;Tap;5-Methyl-1H-benzotriazole;FALSE;133.06399;133.06399
Atrazine-desethyl-desisopropyl;2021062101-pH10-SB-L6-FS;74021.3871345029;2.7592822;1000;10;positive;Tap;Atrazine-desethyl-desisopropyl;FALSE;145.01552;145.01552
Adenosine;2021062101-pH10-SB-L6-FS;1347641.90967021;3.0547342;1000;10;positive;Tap;Adenosine;FALSE;267.09678;267.09678
Omethoate;2021062101-pH10-SB-L4-FS;586600.178437992;3.2967145;500;10;positive;Tap;Omethoate;TRUE;213.02248;213.02248
Omethoate;2021062101-pH10-SB-L6-FS;9945090.60501029;3.2919116;1000;10;positive;Tap;Omethoate;TRUE;213.02248;213.02248
Benzotriazole-5-carboxylic_acid;2021062101-pH10-SB-L6-FS;51128.6006586928;1.3892822;1000;10;positive;Tap;Benzotriazole-5-carboxylic acid;FALSE;163.03819;163.03819
Metolachlor-OXA;2021062101-pH10-SB-L6-FS;346070.091186213;4.5180546;1000;10;positive;Tap;Metolachlor-OXA;FALSE;279.14708;279.14708
Caffeine;2021062101-pH10-SB-L6-FS;439644.33920215;4.419272;1000;10;positive;Tap;Caffeine;FALSE;194.08039;194.08039
Atrazine-desisopropyl_1;2021062101-pH10-SB-L4-FS;136212.731695262;4.8256552;500;10;positive;Tap;Atrazine-desisopropyl;FALSE;173.04682;173.04682
Atrazine-desisopropyl_1;2021062101-pH10-SB-L6-FS;963185.311297076;4.8146961;1000;10;positive;Tap;Atrazine-desisopropyl;FALSE;173.04682;173.04682
Metformin;2021062101-pH10-SB-L4-FS;10218998.8063825;5.519098;500;10;positive;Tap;Metformin;FALSE;129.10145;129.10145
Metformin;2021062101-pH10-SB-L6-FS;101849701.107896;5.5657572;1000;10;positive;Tap;Metformin;FALSE;129.10145;129.10145
Atrazine-2-hydroxy;2021062101-pH10-SB-L4-FS;299294.448051267;5.7958981;500;10;positive;Tap;Atrazine-2-hydroxy;FALSE;197.12767;197.12767
Atrazine-2-hydroxy;2021062101-pH10-SB-L6-FS;3001919.51215849;5.7827723;1000;10;positive;Tap;Atrazine-2-hydroxy;FALSE;197.12767;197.12767
Atrazine-desethyl;2021062101-pH10-SB-L4-FS;150579.106242613;6.1124436;500;10;positive;Tap;Atrazine-desethyl;FALSE;187.06247;187.06247
Atrazine-desethyl;2021062101-pH10-SB-L6-FS;1638514.25065399;6.0792305;1000;10;positive;Tap;Atrazine-desethyl;FALSE;187.06247;187.06247
10,11-Dihydro-10-hydroxycarŝ_2;2021062101-pH10-SB-L4-FS;68136.3523128223;6.7251162;500;10;positive;Tap;10.11-Dihydro-10-hydroxycarbamazepine;TRUE;254.10554;254.10554
10,11-Dihydro-10-hydroxycarŝ_2;2021062101-pH10-SB-L6-FS;731812.768268541;6.7308799;1000;10;positive;Tap;10.11-Dihydro-10-hydroxycarbamazepine;TRUE;254.10554;254.10554
2-Aminobenzothiazole;2021062101-pH10-SB-L4-FS;3551968.33742976;6.7843428;500;10;positive;Tap;2-Aminobenzothiazole;FALSE;150.02517;150.02517
2-Aminobenzothiazole;2021062101-pH10-SB-L6-FS;40321994.1400605;6.7505755;1000;10;positive;Tap;2-Aminobenzothiazole;FALSE;150.02517;150.02517
Butocarboxim_H+;2021062101-pH10-SB-L6-FS;179314.505158229;7.0861126;1000;10;positive;Tap;Butocarboxim;TRUE;190.07761;190.07761
Carbamazepine-10,11-epoxide;2021062101-pH10-SB-L4-FS;81315.7012230308;7.4951709;500;10;positive;Tap;Carbamazepine-10,11-epoxide;FALSE;NA;252.27
Carbamazepine-10,11-epoxide;2021062101-pH10-SB-L6-FS;1567755.74373809;7.4607474;1000;10;positive;Tap;Carbamazepine-10,11-epoxide;FALSE;NA;252.27
Benzothiazole_1;2021062101-pH10-SB-L6-FS;1239377.83453499;7.854509;1000;10;positive;Tap;Benzothiazole;FALSE;135.01427;135.01427
Simazine;2021062101-pH10-SB-L4-FS;823676.885887346;8.10717889999999;500;10;positive;Tap;Simazine;FALSE;201.07812;201.07812
Simazine;2021062101-pH10-SB-L6-FS;8881591.01575369;8.090476;1000;10;positive;Tap;Simazine;FALSE;201.07812;201.07812
Dichlorvos;2021062101-pH10-SB-L6-FS;104834.373937882;8.2676309;1000;10;positive;Tap;Dichlorvos;FALSE;219.94592;219.94592
Carbamazepine;2021062101-pH10-SB-L4-FS;7167054.50858984;8.777576;500;10;positive;Tap;Carbamazepine;TRUE;236.09497;236.09497
Carbamazepine;2021062101-pH10-SB-L6-FS;88974555.0880353;8.7595065;1000;10;positive;Tap;Carbamazepine;TRUE;236.09497;236.09497
2-Methylbenzothaizole;2021062101-pH10-SB-L4-FS;51281.0993777903;9.09244449999999;500;10;positive;Tap;2-Methylbenzothaizole;FALSE;181.00198;181.00198
2-Methylbenzothaizole;2021062101-pH10-SB-L6-FS;1720071.18880691;9.03553149999999;1000;10;positive;Tap;2-Methylbenzothaizole;FALSE;181.00198;181.00198
Atrazine-d5;2021062101-pH10-SB-L4-FS;111416441.37853;9.46539379999999;500;10;positive;Tap;Atrazine-d5;FALSE;202.15904;202.15904
Atrazine-d5;2021062101-pH10-SB-L6-FS;94583969.4160381;9.4673096;1000;10;positive;Tap;Atrazine-d5;FALSE;202.15904;202.15904
Atrazine-desisopropyl_2;2021062101-pH10-SB-L4-FS;55376.8100776889;9.5439453;500;10;positive;Tap;Atrazine-desisopropyl;FALSE;173.04682;173.04682
Atrazine-desisopropyl_2;2021062101-pH10-SB-L6-FS;628229.057418579;9.5257906;1000;10;positive;Tap;Atrazine-desisopropyl;FALSE;173.04682;173.04682
Atrazine;2021062101-pH10-SB-L4-FS;13965720.1794206;9.5242913;500;10;positive;Tap;Atrazine;FALSE;215.09377;215.09377
Atrazine;2021062101-pH10-SB-L6-FS;133982832.643455;9.5257906;1000;10;positive;Tap;Atrazine;FALSE;215.09377;215.09377
Phenazine;2021062101-pH10-SB-L6-FS;201208.040517775;9.5257906;1000;10;positive;Tap;Phenazine;FALSE;180.06875;180.06875
Metazachlor;2021062101-pH10-SB-L4-FS;313163.897207415;10.3495;500;10;positive;Tap;Metazachlor;TRUE;277.09819;277.09819
Metazachlor;2021062101-pH10-SB-L6-FS;3975564.84353327;10.3313299999999;1000;10;positive;Tap;Metazachlor;TRUE;277.09819;277.09819
2-(Methylthio)benzothiazole;2021062101-pH10-SB-L6-FS;137525.021562583;11.293844;1000;10;positive;Tap;2-(Methylthio)benzothiazole;FALSE;181.00198;181.00198
Tylosin;2021062101-pH10-SB-L4-FS;848986.094213189;11.567659;500;10;positive;Tap;Tylosin;FALSE;915.51924;915.51924
Tylosin;2021062101-pH10-SB-L6-FS;10214782.5355323;11.5297509999999;1000;10;positive;Tap;Tylosin;FALSE;915.51924;915.51924
Climbazole;2021062101-pH10-SB-L4-FS;1432839.82676564;12.1573049999999;500;10;positive;Tap;Climbazole;FALSE;292.09787;292.09787
Climbazole;2021062101-pH10-SB-L6-FS;20257578.4009073;12.138706000000001;1000;10;positive;Tap;Climbazole;FALSE;292.09787;292.09787
Irgarol;2021062101-pH10-SB-L4-FS;44552438.5618928;12.275231;500;10;positive;Tap;Irgarol;FALSE;253.13612;253.13612
Irgarol;2021062101-pH10-SB-L6-FS;445750526.905531;12.2557759999999;1000;10;positive;Tap;Irgarol;FALSE;253.13612;253.13612
Metolachlor;2021062101-pH10-SB-L4-FS;1652932.56565768;12.471734;500;10;positive;Tap;Metolachlor;TRUE;283.13391;283.13391
Metolachlor;2021062101-pH10-SB-L6-FS;21075025.6915469;12.45204;1000;10;positive;Tap;Metolachlor;TRUE;283.13391;283.13391
Ketoconazole;2021062101-pH10-SB-L4-FS;3341723.86243402;12.55026;500;10;positive;Tap;Ketoconazole;TRUE;530.14879;530.14879
Ketoconazole;2021062101-pH10-SB-L6-FS;42075065.9337922;12.55016;1000;10;positive;Tap;Ketoconazole;TRUE;530.14879;530.14879
Imazalil-d5;2021062101-pH10-SB-L4-FS;209499529.102858;12.726186;500;10;positive;Tap;Imazalil-d5;FALSE;301.07188;301.07188
Imazalil-d5;2021062101-pH10-SB-L6-FS;207267754.907382;12.706344;1000;10;positive;Tap;Imazalil-d5;FALSE;301.07188;301.07188
Imazalil;2021062101-pH10-SB-L4-FS;31470269.7450397;12.765215;500;10;positive;Tap;Imazalil;FALSE;296.04833;296.04833
Imazalil;2021062101-pH10-SB-L6-FS;321836800.980051;12.744998;1000;10;positive;Tap;Imazalil;FALSE;296.04833;296.04833
Haloperidol;2021062101-pH10-SB-L4-FS;1509007.96828439;12.80439;500;10;positive;Tap;Haloperidol;FALSE;375.14014;375.14014
Haloperidol;2021062101-pH10-SB-L6-FS;16973748.2262121;12.784141;1000;10;positive;Tap;Haloperidol;FALSE;375.14014;375.14014
Reserpine;2021062101-pH10-SB-L4-FS;13732.9847877538;13.6678669999999;500;10;positive;Tap;Reserpine;FALSE;608.27343;608.27343
Reserpine;2021062101-pH10-SB-L6-FS;359459.267405739;13.667047;1000;10;positive;Tap;Reserpine;FALSE;608.27343;608.27343
Clotrimazole;2021062101-pH10-SB-L4-FS;2208442.00143688;14.099459;500;10;positive;Tap;Clotrimazole;TRUE;344.10803;344.10803
Clotrimazole;2021062101-pH10-SB-L6-FS;33458997.6896213;14.098394;1000;10;positive;Tap;Clotrimazole;TRUE;344.10803;344.10803
Simvastatin_H+;2021062101-pH10-SB-L6-FS;535944.417942275;14.6833519999999;1000;10;positive;Tap;Simvastatin;TRUE;418.27195;418.27195
Clarithromycin_H+;2021062101-pH10-SB-L4-FS;6559461.56683658;14.939622;500;10;positive;Tap;Clarithromycin;TRUE;747.47696;747.47696
Clarithromycin_H+;2021062101-pH10-SB-L6-FS;61667069.395724;14.937554;1000;10;positive;Tap;Clarithromycin;TRUE;747.47696;747.47696
Emamectin;2021062101-pH10-SB-L4-FS;1362804.51742424;17.16972;500;10;positive;Tap;Emamectin;FALSE;885.5239;885.5239
Emamectin;2021062101-pH10-SB-L6-FS;30648322.7055804;17.166744;1000;10;positive;Tap;Emamectin;FALSE;885.5239;885.5239
Spinosad;2021062101-pH10-SB-L4-FS;2120432.32382012;17.929891;500;10;positive;Tap;Spinosad;FALSE;731.46089;731.46089
Spinosad;2021062101-pH10-SB-L6-FS;37008870.8062601;17.9264359999999;1000;10;positive;Tap;Spinosad;FALSE;731.46089;731.46089
Chlorothiazide;2021062101-pH10-SB-L4-FS;5855854.40123134;1.4606719;500;10;negative;Tap;Chlorothiazide;FALSE;294.94884;294.94884
Chlorothiazide;2021062101-pH10-SB-L6-FS;53231386.0299672;1.4580275;1000;10;negative;Tap;Chlorothiazide;FALSE;294.94884;294.94884
Atrazine-desethyl-desisoproŝ_1;2021062101-pH10-SB-L6-FS;417886.440674081;1.5370539;1000;10;negative;Tap;Atrazine-desethyl-desisopropyl-2-hydroxy;TRUE;127.04942;127.04942
Benzotriazole;2021062101-pH10-SB-L6-FS;10755714.8976708;1.8934346;1000;10;negative;Tap;Benzotriazole;FALSE;119.04835;119.04835
Atrazine-desisopropyl-2-hydroxy;2021062101-pH10-SB-L6-FS;338914.541183363;1.970057;1000;10;negative;Tap;Atrazine-desisopropyl-2-hydroxy;FALSE;155.08072;155.08072
Atrazine-desethyl-2-hydroxy;2021062101-pH10-SB-L6-FS;342819.891046429;2.6117479;1000;10;negative;Tap;Atrazine-desethyl-2-hydroxy;FALSE;169.09637;169.09637
Benzotriazole-5-carboxylic_acid;2021062101-pH10-SB-L4-FS;572600.547723208;1.3620289;500;10;negative;Tap;Benzotriazole-5-carboxylic acid;FALSE;163.03819;163.03819
Benzotriazole-5-carboxylic_acid;2021062101-pH10-SB-L6-FS;4236915.03502815;1.3791781;1000;10;negative;Tap;Benzotriazole-5-carboxylic acid;FALSE;163.03819;163.03819
Metolachlor-OXA;2021062101-pH10-SB-L4-FS;156252.067206978;4.6965458;500;10;negative;Tap;Metolachlor-OXA;FALSE;279.14708;279.14708
Metolachlor-OXA;2021062101-pH10-SB-L6-FS;2940101.42597925;4.6660618;1000;10;negative;Tap;Metolachlor-OXA;FALSE;279.14708;279.14708
Sucralose;2021062101-pH10-SB-L6-FS;694575.712094503;4.7055886;1000;10;negative;Tap;Sucralose;FALSE;396.0146;396.0146
Atrazine-2-hydroxy;2021062101-pH10-SB-L6-FS;191684.074000481;5.7726828;1000;10;negative;Tap;Atrazine-2-hydroxy;FALSE;197.12767;197.12767
Efavirenz;2021062101-pH10-SB-L4-FS;1249978.06594442;12.6383969999999;500;10;negative;Tap;Efavirenz;FALSE;315.02739;315.02739
Efavirenz;2021062101-pH10-SB-L6-FS;14795072.2546599;12.61857;1000;10;negative;Tap;Efavirenz;FALSE;315.02739;315.02739
Metolachlor-ESA;2021062101-pH10-SB-L4-FS;750756.077262107;5.1523549;500;10;negative;Tap;Metolachlor-ESA;TRUE;329.12972;329.12972
Metolachlor-ESA;2021062101-pH10-SB-L6-FS;7549562.99147257;5.1407521;1000;10;negative;Tap;Metolachlor-ESA;TRUE;329.12972;329.12972
Nigericin_H+;2021062101-pH10-SB-L6-FS;2242845.1536019;19.139623;1000;10;negative;Tap;Nigericin ;TRUE;724.47622;724.47622
